date,year,month,region,industry,salary_uah
2021-01-01,2021,1,Україна,Складське господарство та допоміжна діяльність у сфері транспорту,13158.0
2021-01-01,2021,1,Україна,Авіаційний транспорт,22394.0
2021-01-01,2021,1,Україна,Наземний і трубопровідний транспорт,11766.0
2021-01-01,2021,1,Україна,"Діяльність у сфері творчості, мистецтва та розваг",9706.0
2021-01-01,2021,1,Україна,Добування кам'яного та бурого вугілля,17948.0
2021-01-01,2021,1,Україна,Виробництво електричного устатковання,10232.0
2021-01-01,2021,1,Україна,Виробництво основних фармацевтичних продуктів і фармацевтичних препаратів,21418.0
2021-01-01,2021,1,Україна,Сільське господарство та надання пов'язаних із ними послуг,9529.0
2021-01-01,2021,1,Україна,Виробництво коксу та продуктів нафтоперероблення,17532.0
2021-01-01,2021,1,Україна,"Сільське господарство, лісове господарство та рибне господарство",9565.0
2021-01-01,2021,1,Україна,Виробництво хімічних речовин і хімічної продукції,12271.0
2021-01-01,2021,1,Україна,"Функціювання бібліотек, архівів, музеїв та інших закладів культури",8971.0
2021-01-01,2021,1,Україна,Водний транспорт,12604.0
2021-01-01,2021,1,Україна,"Виробництво комп'ютерів, електронної та оптичної продукції",12252.0
2021-01-01,2021,1,Україна,Поштова та кур'єрська діяльність,7524.0
2021-01-01,2021,1,Україна,Наукові дослідження та розробки,13333.0
2021-01-01,2021,1,Україна,Охорона здоров'я,10786.0
2021-01-01,2021,1,Україна,"Виробництво машин і устатковання, н.в.і.у.",10852.0
2021-01-01,2021,1,Україна,Тимчасове розміщування й організація харчування,6647.0
2021-01-01,2021,1,Україна,"Виробництво автотранспортних засобів, причепів і напівпричепів та інших транспортних засобів",11105.0
2021-01-01,2021,1,Україна,Переробна промисловість,11832.0
2021-01-01,2021,1,Україна,"Текстильне виробництво, виробництво одягу, шкіри, виробів зі шкіри та інших матеріалів",7321.0
2021-01-01,2021,1,Україна,Добувна промисловість і розроблення кар'єрів,17813.0
2021-01-01,2021,1,Україна,Фінансова та страхова діяльність,24095.0
2021-01-01,2021,1,Україна,"Виробництво харчових продуктів, напоїв і тютюнових виробів",11145.0
2021-01-01,2021,1,Україна,"Постачання електроенергії, газу, пари та кондиційованого повітря",18130.0
2021-01-01,2021,1,Україна,Промисловість,13374.0
2021-01-01,2021,1,Україна,"Виробництво гумових і пластмасових виробів, іншої неметалевої мінеральної продукції",10937.0
2021-01-01,2021,1,Україна,"Металургійне виробництво, виробництво готових металевих виробів, крім машин і устатковання",15594.0
2021-01-01,2021,1,Україна,Будівництво,9238.0
2021-01-01,2021,1,Україна,Оптова та роздрібна торгівля; ремонт автотранспортних засобів і мотоциклів,11898.0
2021-01-01,2021,1,Україна,"Виробництво меблів, іншої продукції; ремонт і монтаж машин і устатковання",11655.0
2021-01-01,2021,1,Україна,"Водопостачання; каналізація, поводження з відходами",10131.0
2021-01-01,2021,1,Україна,"Транспорт, складське господарство, поштова та кур'єрська діяльність",12210.0
2021-01-01,2021,1,Україна,Інформація та телекомунікації,21941.0
2021-01-01,2021,1,Україна,"Виготовлення виробів з деревини, паперу та  поліграфічна діяльність",10067.0
2021-01-01,2021,1,Дніпропетровська,Усього,12744.0
2021-01-01,2021,1,Запорізька,Усього,12542.0
2021-01-01,2021,1,Донецька,Усього,13786.0
2021-01-01,2021,1,Україна,Діяльність у сфері адміністративного та допоміжного обслуговування,10304.0
2021-01-01,2021,1,Україна,Освіта,10310.0
2021-01-01,2021,1,Київська,Усього,12645.0
2021-01-01,2021,1,Україна,Операції з нерухомим майном,9683.0
2021-01-01,2021,1,Україна,Усього,12337.0
2021-01-01,2021,1,Україна,"Професійна, наукова та технічна діяльність",16602.0
2021-01-01,2021,1,Україна,Надання інших видів послуг,11657.0
2021-01-01,2021,1,Україна,"Мистецтво, спорт, розваги та відпочинок",10437.0
2021-01-01,2021,1,Україна,Охорона здоров'я та надання соціальної допомоги,10573.0
2021-01-01,2021,1,Івано-Франківська,Усього,10558.0
2021-01-01,2021,1,Україна,Державне управління й оборона; обов'язкове соціальне страхування,15231.0
2021-01-01,2021,1,Львівська,Усього,11038.0
2021-01-01,2021,1,Київ,Усього,17533.0
2021-01-01,2021,1,Одеська,Усього,10995.0
2021-01-01,2021,1,Харківська,Усього,10364.0
2021-01-01,2021,1,Полтавська,Усього,11353.0
2021-02-01,2021,2,Україна,Складське господарство та допоміжна діяльність у сфері транспорту,13002.0
2021-02-01,2021,2,Україна,Авіаційний транспорт,22503.0
2021-02-01,2021,2,Україна,Наземний і трубопровідний транспорт,11356.0
2021-02-01,2021,2,Україна,"Діяльність у сфері творчості, мистецтва та розваг",10326.0
2021-02-01,2021,2,Україна,Добування кам'яного та бурого вугілля,17110.0
2021-02-01,2021,2,Україна,Виробництво електричного устатковання,10792.0
2021-02-01,2021,2,Україна,Виробництво основних фармацевтичних продуктів і фармацевтичних препаратів,22087.0
2021-02-01,2021,2,Україна,Сільське господарство та надання пов'язаних із ними послуг,9434.0
2021-02-01,2021,2,Україна,Виробництво коксу та продуктів нафтоперероблення,16850.0
2021-02-01,2021,2,Україна,"Сільське господарство, лісове господарство та рибне господарство",9580.0
2021-02-01,2021,2,Україна,Виробництво хімічних речовин і хімічної продукції,12393.0
2021-02-01,2021,2,Україна,"Функціювання бібліотек, архівів, музеїв та інших закладів культури",9138.0
2021-02-01,2021,2,Україна,Водний транспорт,12429.0
2021-02-01,2021,2,Україна,"Виробництво комп'ютерів, електронної та оптичної продукції",12936.0
2021-02-01,2021,2,Україна,Поштова та кур'єрська діяльність,7480.0
2021-02-01,2021,2,Україна,Наукові дослідження та розробки,13406.0
2021-02-01,2021,2,Україна,Охорона здоров'я,10992.0
2021-02-01,2021,2,Україна,"Виробництво машин і устатковання, н.в.і.у.",11227.0
2021-02-01,2021,2,Україна,Тимчасове розміщування й організація харчування,7272.0
2021-02-01,2021,2,Україна,"Виробництво автотранспортних засобів, причепів і напівпричепів та інших транспортних засобів",11574.0
2021-02-01,2021,2,Україна,Переробна промисловість,11879.0
2021-02-01,2021,2,Україна,"Текстильне виробництво, виробництво одягу, шкіри, виробів зі шкіри та інших матеріалів",7716.0
2021-02-01,2021,2,Україна,Добувна промисловість і розроблення кар'єрів,17149.0
2021-02-01,2021,2,Україна,Фінансова та страхова діяльність,23208.0
2021-02-01,2021,2,Україна,"Виробництво харчових продуктів, напоїв і тютюнових виробів",11085.0
2021-02-01,2021,2,Україна,"Постачання електроенергії, газу, пари та кондиційованого повітря",17827.0
2021-02-01,2021,2,Україна,Промисловість,13285.0
2021-02-01,2021,2,Україна,"Виробництво гумових і пластмасових виробів, іншої неметалевої мінеральної продукції",11066.0
2021-02-01,2021,2,Україна,"Металургійне виробництво, виробництво готових металевих виробів, крім машин і устатковання",14789.0
2021-02-01,2021,2,Україна,Будівництво,9542.0
2021-02-01,2021,2,Україна,Оптова та роздрібна торгівля; ремонт автотранспортних засобів і мотоциклів,12072.0
2021-02-01,2021,2,Україна,"Виробництво меблів, іншої продукції; ремонт і монтаж машин і устатковання",11764.0
2021-02-01,2021,2,Україна,"Водопостачання; каналізація, поводження з відходами",10105.0
2021-02-01,2021,2,Україна,"Транспорт, складське господарство, поштова та кур'єрська діяльність",11970.0
2021-02-01,2021,2,Україна,Інформація та телекомунікації,22470.0
2021-02-01,2021,2,Україна,"Виготовлення виробів з деревини, паперу та  поліграфічна діяльність",10223.0
2021-02-01,2021,2,Дніпропетровська,Усього,12532.0
2021-02-01,2021,2,Запорізька,Усього,12482.0
2021-02-01,2021,2,Донецька,Усього,13505.0
2021-02-01,2021,2,Україна,Діяльність у сфері адміністративного та допоміжного обслуговування,10359.0
2021-02-01,2021,2,Україна,Освіта,10672.0
2021-02-01,2021,2,Київська,Усього,12696.0
2021-02-01,2021,2,Україна,Операції з нерухомим майном,10030.0
2021-02-01,2021,2,Україна,Усього,12443.0
2021-02-01,2021,2,Україна,"Професійна, наукова та технічна діяльність",17083.0
2021-02-01,2021,2,Україна,Надання інших видів послуг,11652.0
2021-02-01,2021,2,Україна,"Мистецтво, спорт, розваги та відпочинок",11171.0
2021-02-01,2021,2,Україна,Охорона здоров'я та надання соціальної допомоги,10766.0
2021-02-01,2021,2,Івано-Франківська,Усього,10666.0
2021-02-01,2021,2,Україна,Державне управління й оборона; обов'язкове соціальне страхування,15579.0
2021-02-01,2021,2,Львівська,Усього,11089.0
2021-02-01,2021,2,Київ,Усього,18019.0
2021-02-01,2021,2,Одеська,Усього,11114.0
2021-02-01,2021,2,Харківська,Усього,10579.0
2021-02-01,2021,2,Полтавська,Усього,11446.0
2021-03-01,2021,3,Україна,Складське господарство та допоміжна діяльність у сфері транспорту,13237.0
2021-03-01,2021,3,Україна,Авіаційний транспорт,23409.0
2021-03-01,2021,3,Україна,Наземний і трубопровідний транспорт,11419.0
2021-03-01,2021,3,Україна,"Діяльність у сфері творчості, мистецтва та розваг",10436.0
2021-03-01,2021,3,Україна,Добування кам'яного та бурого вугілля,17526.0
2021-03-01,2021,3,Україна,Виробництво електричного устатковання,11085.0
2021-03-01,2021,3,Україна,Виробництво основних фармацевтичних продуктів і фармацевтичних препаратів,23894.0
2021-03-01,2021,3,Україна,Сільське господарство та надання пов'язаних із ними послуг,9647.0
2021-03-01,2021,3,Україна,Виробництво коксу та продуктів нафтоперероблення,17535.0
2021-03-01,2021,3,Україна,"Сільське господарство, лісове господарство та рибне господарство",9956.0
2021-03-01,2021,3,Україна,Виробництво хімічних речовин і хімічної продукції,12711.0
2021-03-01,2021,3,Україна,"Функціювання бібліотек, архівів, музеїв та інших закладів культури",9367.0
2021-03-01,2021,3,Україна,Водний транспорт,12917.0
2021-03-01,2021,3,Україна,"Виробництво комп'ютерів, електронної та оптичної продукції",13396.0
2021-03-01,2021,3,Україна,Поштова та кур'єрська діяльність,7768.0
2021-03-01,2021,3,Україна,Наукові дослідження та розробки,13770.0
2021-03-01,2021,3,Україна,Охорона здоров'я,11510.0
2021-03-01,2021,3,Україна,"Виробництво машин і устатковання, н.в.і.у.",11988.0
2021-03-01,2021,3,Україна,Тимчасове розміщування й організація харчування,7432.0
2021-03-01,2021,3,Україна,"Виробництво автотранспортних засобів, причепів і напівпричепів та інших транспортних засобів",12080.0
2021-03-01,2021,3,Україна,Переробна промисловість,12349.0
2021-03-01,2021,3,Україна,"Текстильне виробництво, виробництво одягу, шкіри, виробів зі шкіри та інших матеріалів",7913.0
2021-03-01,2021,3,Україна,Добувна промисловість і розроблення кар'єрів,17932.0
2021-03-01,2021,3,Україна,Фінансова та страхова діяльність,23564.0
2021-03-01,2021,3,Україна,"Виробництво харчових продуктів, напоїв і тютюнових виробів",11356.0
2021-03-01,2021,3,Україна,"Постачання електроенергії, газу, пари та кондиційованого повітря",18790.0
2021-03-01,2021,3,Україна,Промисловість,13855.0
2021-03-01,2021,3,Україна,"Виробництво гумових і пластмасових виробів, іншої неметалевої мінеральної продукції",11468.0
2021-03-01,2021,3,Україна,"Металургійне виробництво, виробництво готових металевих виробів, крім машин і устатковання",15555.0
2021-03-01,2021,3,Україна,Будівництво,9797.0
2021-03-01,2021,3,Україна,Оптова та роздрібна торгівля; ремонт автотранспортних засобів і мотоциклів,12665.0
2021-03-01,2021,3,Україна,"Виробництво меблів, іншої продукції; ремонт і монтаж машин і устатковання",12123.0
2021-03-01,2021,3,Україна,"Водопостачання; каналізація, поводження з відходами",10353.0
2021-03-01,2021,3,Україна,"Транспорт, складське господарство, поштова та кур'єрська діяльність",12159.0
2021-03-01,2021,3,Україна,Інформація та телекомунікації,23480.0
2021-03-01,2021,3,Україна,"Виготовлення виробів з деревини, паперу та  поліграфічна діяльність",10526.0
2021-03-01,2021,3,Дніпропетровська,Усього,12914.0
2021-03-01,2021,3,Запорізька,Усього,12897.0
2021-03-01,2021,3,Донецька,Усього,14306.0
2021-03-01,2021,3,Україна,Діяльність у сфері адміністративного та допоміжного обслуговування,10565.0
2021-03-01,2021,3,Україна,Освіта,10770.0
2021-03-01,2021,3,Київська,Усього,12946.0
2021-03-01,2021,3,Україна,Операції з нерухомим майном,10138.0
2021-03-01,2021,3,Україна,Усього,12835.0
2021-03-01,2021,3,Україна,"Професійна, наукова та технічна діяльність",17649.0
2021-03-01,2021,3,Україна,Надання інших видів послуг,12219.0
2021-03-01,2021,3,Україна,"Мистецтво, спорт, розваги та відпочинок",11362.0
2021-03-01,2021,3,Україна,Охорона здоров'я та надання соціальної допомоги,11254.0
2021-03-01,2021,3,Івано-Франківська,Усього,10943.0
2021-03-01,2021,3,Україна,Державне управління й оборона; обов'язкове соціальне страхування,15889.0
2021-03-01,2021,3,Львівська,Усього,11376.0
2021-03-01,2021,3,Київ,Усього,18722.0
2021-03-01,2021,3,Одеська,Усього,11370.0
2021-03-01,2021,3,Харківська,Усього,10826.0
2021-03-01,2021,3,Полтавська,Усього,11768.0
2021-04-01,2021,4,Україна,Складське господарство та допоміжна діяльність у сфері транспорту,13390.0
2021-04-01,2021,4,Україна,Авіаційний транспорт,23972.0
2021-04-01,2021,4,Україна,Наземний і трубопровідний транспорт,11836.0
2021-04-01,2021,4,Україна,"Діяльність у сфері творчості, мистецтва та розваг",10273.0
2021-04-01,2021,4,Україна,Добування кам'яного та бурого вугілля,17614.0
2021-04-01,2021,4,Україна,Виробництво електричного устатковання,11254.0
2021-04-01,2021,4,Україна,Виробництво основних фармацевтичних продуктів і фармацевтичних препаратів,24523.0
2021-04-01,2021,4,Україна,Сільське господарство та надання пов'язаних із ними послуг,10379.0
2021-04-01,2021,4,Україна,Виробництво коксу та продуктів нафтоперероблення,17606.0
2021-04-01,2021,4,Україна,"Сільське господарство, лісове господарство та рибне господарство",10628.0
2021-04-01,2021,4,Україна,Виробництво хімічних речовин і хімічної продукції,12881.0
2021-04-01,2021,4,Україна,"Функціювання бібліотек, архівів, музеїв та інших закладів культури",9360.0
2021-04-01,2021,4,Україна,Водний транспорт,13429.0
2021-04-01,2021,4,Україна,"Виробництво комп'ютерів, електронної та оптичної продукції",14156.0
2021-04-01,2021,4,Україна,Поштова та кур'єрська діяльність,7762.0
2021-04-01,2021,4,Україна,Наукові дослідження та розробки,13909.0
2021-04-01,2021,4,Україна,Охорона здоров'я,11630.0
2021-04-01,2021,4,Україна,"Виробництво машин і устатковання, н.в.і.у.",12081.0
2021-04-01,2021,4,Україна,Тимчасове розміщування й організація харчування,7320.0
2021-04-01,2021,4,Україна,"Виробництво автотранспортних засобів, причепів і напівпричепів та інших транспортних засобів",12379.0
2021-04-01,2021,4,Україна,Переробна промисловість,12504.0
2021-04-01,2021,4,Україна,"Текстильне виробництво, виробництво одягу, шкіри, виробів зі шкіри та інших матеріалів",7873.0
2021-04-01,2021,4,Україна,Добувна промисловість і розроблення кар'єрів,18540.0
2021-04-01,2021,4,Україна,Фінансова та страхова діяльність,23562.0
2021-04-01,2021,4,Україна,"Виробництво харчових продуктів, напоїв і тютюнових виробів",11506.0
2021-04-01,2021,4,Україна,"Постачання електроенергії, газу, пари та кондиційованого повітря",18710.0
2021-04-01,2021,4,Україна,Промисловість,14008.0
2021-04-01,2021,4,Україна,"Виробництво гумових і пластмасових виробів, іншої неметалевої мінеральної продукції",11743.0
2021-04-01,2021,4,Україна,"Металургійне виробництво, виробництво готових металевих виробів, крім машин і устатковання",15443.0
2021-04-01,2021,4,Україна,Будівництво,10095.0
2021-04-01,2021,4,Україна,Оптова та роздрібна торгівля; ремонт автотранспортних засобів і мотоциклів,12672.0
2021-04-01,2021,4,Україна,"Виробництво меблів, іншої продукції; ремонт і монтаж машин і устатковання",12324.0
2021-04-01,2021,4,Україна,"Водопостачання; каналізація, поводження з відходами",10415.0
2021-04-01,2021,4,Україна,"Транспорт, складське господарство, поштова та кур'єрська діяльність",12419.0
2021-04-01,2021,4,Україна,Інформація та телекомунікації,24375.0
2021-04-01,2021,4,Україна,"Виготовлення виробів з деревини, паперу та  поліграфічна діяльність",10727.0
2021-04-01,2021,4,Дніпропетровська,Усього,12968.0
2021-04-01,2021,4,Запорізька,Усього,12971.0
2021-04-01,2021,4,Донецька,Усього,14202.0
2021-04-01,2021,4,Україна,Діяльність у сфері адміністративного та допоміжного обслуговування,10593.0
2021-04-01,2021,4,Україна,Освіта,10793.0
2021-04-01,2021,4,Київська,Усього,13189.0
2021-04-01,2021,4,Україна,Операції з нерухомим майном,10320.0
2021-04-01,2021,4,Україна,Усього,13013.0
2021-04-01,2021,4,Україна,"Професійна, наукова та технічна діяльність",18711.0
2021-04-01,2021,4,Україна,Надання інших видів послуг,12269.0
2021-04-01,2021,4,Україна,"Мистецтво, спорт, розваги та відпочинок",11284.0
2021-04-01,2021,4,Україна,Охорона здоров'я та надання соціальної допомоги,11374.0
2021-04-01,2021,4,Івано-Франківська,Усього,11184.0
2021-04-01,2021,4,Україна,Державне управління й оборона; обов'язкове соціальне страхування,16197.0
2021-04-01,2021,4,Львівська,Усього,11548.0
2021-04-01,2021,4,Київ,Усього,19145.0
2021-04-01,2021,4,Одеська,Усього,11434.0
2021-04-01,2021,4,Харківська,Усього,11063.0
2021-04-01,2021,4,Полтавська,Усього,11971.0
2021-05-01,2021,5,Україна,Складське господарство та допоміжна діяльність у сфері транспорту,13535.0
2021-05-01,2021,5,Україна,Авіаційний транспорт,24791.0
2021-05-01,2021,5,Україна,Наземний і трубопровідний транспорт,11973.0
2021-05-01,2021,5,Україна,"Діяльність у сфері творчості, мистецтва та розваг",10385.0
2021-05-01,2021,5,Україна,Добування кам'яного та бурого вугілля,17597.0
2021-05-01,2021,5,Україна,Виробництво електричного устатковання,11411.0
2021-05-01,2021,5,Україна,Виробництво основних фармацевтичних продуктів і фармацевтичних препаратів,24403.0
2021-05-01,2021,5,Україна,Сільське господарство та надання пов'язаних із ними послуг,10652.0
2021-05-01,2021,5,Україна,Виробництво коксу та продуктів нафтоперероблення,17732.0
2021-05-01,2021,5,Україна,"Сільське господарство, лісове господарство та рибне господарство",10881.0
2021-05-01,2021,5,Україна,Виробництво хімічних речовин і хімічної продукції,13149.0
2021-05-01,2021,5,Україна,"Функціювання бібліотек, архівів, музеїв та інших закладів культури",9549.0
2021-05-01,2021,5,Україна,Водний транспорт,13736.0
2021-05-01,2021,5,Україна,"Виробництво комп'ютерів, електронної та оптичної продукції",14086.0
2021-05-01,2021,5,Україна,Поштова та кур'єрська діяльність,7779.0
2021-05-01,2021,5,Україна,Наукові дослідження та розробки,13968.0
2021-05-01,2021,5,Україна,Охорона здоров'я,11651.0
2021-05-01,2021,5,Україна,"Виробництво машин і устатковання, н.в.і.у.",12145.0
2021-05-01,2021,5,Україна,Тимчасове розміщування й організація харчування,7638.0
2021-05-01,2021,5,Україна,"Виробництво автотранспортних засобів, причепів і напівпричепів та інших транспортних засобів",12474.0
2021-05-01,2021,5,Україна,Переробна промисловість,12618.0
2021-05-01,2021,5,Україна,"Текстильне виробництво, виробництво одягу, шкіри, виробів зі шкіри та інших матеріалів",7920.0
2021-05-01,2021,5,Україна,Добувна промисловість і розроблення кар'єрів,18585.0
2021-05-01,2021,5,Україна,Фінансова та страхова діяльність,23245.0
2021-05-01,2021,5,Україна,"Виробництво харчових продуктів, напоїв і тютюнових виробів",11670.0
2021-05-01,2021,5,Україна,"Постачання електроенергії, газу, пари та кондиційованого повітря",18588.0
2021-05-01,2021,5,Україна,Промисловість,14065.0
2021-05-01,2021,5,Україна,"Виробництво гумових і пластмасових виробів, іншої неметалевої мінеральної продукції",11907.0
2021-05-01,2021,5,Україна,"Металургійне виробництво, виробництво готових металевих виробів, крім машин і устатковання",15542.0
2021-05-01,2021,5,Україна,Будівництво,10266.0
2021-05-01,2021,5,Україна,Оптова та роздрібна торгівля; ремонт автотранспортних засобів і мотоциклів,12771.0
2021-05-01,2021,5,Україна,"Виробництво меблів, іншої продукції; ремонт і монтаж машин і устатковання",12389.0
2021-05-01,2021,5,Україна,"Водопостачання; каналізація, поводження з відходами",10457.0
2021-05-01,2021,5,Україна,"Транспорт, складське господарство, поштова та кур'єрська діяльність",12567.0
2021-05-01,2021,5,Україна,Інформація та телекомунікації,24550.0
2021-05-01,2021,5,Україна,"Виготовлення виробів з деревини, паперу та  поліграфічна діяльність",10819.0
2021-05-01,2021,5,Дніпропетровська,Усього,13066.0
2021-05-01,2021,5,Запорізька,Усього,13072.0
2021-05-01,2021,5,Донецька,Усього,14253.0
2021-05-01,2021,5,Україна,Діяльність у сфері адміністративного та допоміжного обслуговування,10619.0
2021-05-01,2021,5,Україна,Освіта,10951.0
2021-05-01,2021,5,Київська,Усього,13322.0
2021-05-01,2021,5,Україна,Операції з нерухомим майном,10483.0
2021-05-01,2021,5,Україна,Усього,13110.0
2021-05-01,2021,5,Україна,"Професійна, наукова та технічна діяльність",18518.0
2021-05-01,2021,5,Україна,Надання інших видів послуг,12285.0
2021-05-01,2021,5,Україна,"Мистецтво, спорт, розваги та відпочинок",11440.0
2021-05-01,2021,5,Україна,Охорона здоров'я та надання соціальної допомоги,11404.0
2021-05-01,2021,5,Івано-Франківська,Усього,11283.0
2021-05-01,2021,5,Україна,Державне управління й оборона; обов'язкове соціальне страхування,16542.0
2021-05-01,2021,5,Львівська,Усього,11652.0
2021-05-01,2021,5,Київ,Усього,19174.0
2021-05-01,2021,5,Одеська,Усього,11547.0
2021-05-01,2021,5,Харківська,Усього,11186.0
2021-05-01,2021,5,Полтавська,Усього,12093.0
2021-06-01,2021,6,Україна,Складське господарство та допоміжна діяльність у сфері транспорту,13581.0
2021-06-01,2021,6,Україна,Авіаційний транспорт,25541.0
2021-06-01,2021,6,Україна,Наземний і трубопровідний транспорт,12004.0
2021-06-01,2021,6,Україна,"Діяльність у сфері творчості, мистецтва та розваг",10698.0
2021-06-01,2021,6,Україна,Добування кам'яного та бурого вугілля,17554.0
2021-06-01,2021,6,Україна,Виробництво електричного устатковання,11590.0
2021-06-01,2021,6,Україна,Виробництво основних фармацевтичних продуктів і фармацевтичних препаратів,24214.0
2021-06-01,2021,6,Україна,Сільське господарство та надання пов'язаних із ними послуг,10761.0
2021-06-01,2021,6,Україна,Виробництво коксу та продуктів нафтоперероблення,17890.0
2021-06-01,2021,6,Україна,"Сільське господарство, лісове господарство та рибне господарство",11060.0
2021-06-01,2021,6,Україна,Виробництво хімічних речовин і хімічної продукції,13314.0
2021-06-01,2021,6,Україна,"Функціювання бібліотек, архівів, музеїв та інших закладів культури",9808.0
2021-06-01,2021,6,Україна,Водний транспорт,13914.0
2021-06-01,2021,6,Україна,"Виробництво комп'ютерів, електронної та оптичної продукції",14202.0
2021-06-01,2021,6,Україна,Поштова та кур'єрська діяльність,7927.0
2021-06-01,2021,6,Україна,Наукові дослідження та розробки,14181.0
2021-06-01,2021,6,Україна,Охорона здоров'я,11761.0
2021-06-01,2021,6,Україна,"Виробництво машин і устатковання, н.в.і.у.",12466.0
2021-06-01,2021,6,Україна,Тимчасове розміщування й організація харчування,7859.0
2021-06-01,2021,6,Україна,"Виробництво автотранспортних засобів, причепів і напівпричепів та інших транспортних засобів",12675.0
2021-06-01,2021,6,Україна,Переробна промисловість,12761.0
2021-06-01,2021,6,Україна,"Текстильне виробництво, виробництво одягу, шкіри, виробів зі шкіри та інших матеріалів",8093.0
2021-06-01,2021,6,Україна,Добувна промисловість і розроблення кар'єрів,18614.0
2021-06-01,2021,6,Україна,Фінансова та страхова діяльність,23154.0
2021-06-01,2021,6,Україна,"Виробництво харчових продуктів, напоїв і тютюнових виробів",11786.0
2021-06-01,2021,6,Україна,"Постачання електроенергії, газу, пари та кондиційованого повітря",18624.0
2021-06-01,2021,6,Україна,Промисловість,14172.0
2021-06-01,2021,6,Україна,"Виробництво гумових і пластмасових виробів, іншої неметалевої мінеральної продукції",12055.0
2021-06-01,2021,6,Україна,"Металургійне виробництво, виробництво готових металевих виробів, крім машин і устатковання",15604.0
2021-06-01,2021,6,Україна,Будівництво,10445.0
2021-06-01,2021,6,Україна,Оптова та роздрібна торгівля; ремонт автотранспортних засобів і мотоциклів,12865.0
2021-06-01,2021,6,Україна,"Виробництво меблів, іншої продукції; ремонт і монтаж машин і устатковання",12496.0
2021-06-01,2021,6,Україна,"Водопостачання; каналізація, поводження з відходами",10553.0
2021-06-01,2021,6,Україна,"Транспорт, складське господарство, поштова та кур'єрська діяльність",12636.0
2021-06-01,2021,6,Україна,Інформація та телекомунікації,24821.0
2021-06-01,2021,6,Україна,"Виготовлення виробів з деревини, паперу та  поліграфічна діяльність",10980.0
2021-06-01,2021,6,Дніпропетровська,Усього,13192.0
2021-06-01,2021,6,Запорізька,Усього,13209.0
2021-06-01,2021,6,Донецька,Усього,14374.0
2021-06-01,2021,6,Україна,Діяльність у сфері адміністративного та допоміжного обслуговування,10689.0
2021-06-01,2021,6,Україна,Освіта,11483.0
2021-06-01,2021,6,Київська,Усього,13550.0
2021-06-01,2021,6,Україна,Операції з нерухомим майном,10603.0
2021-06-01,2021,6,Україна,Усього,13310.0
2021-06-01,2021,6,Україна,"Професійна, наукова та технічна діяльність",18606.0
2021-06-01,2021,6,Україна,Надання інших видів послуг,12581.0
2021-06-01,2021,6,Україна,"Мистецтво, спорт, розваги та відпочинок",11743.0
2021-06-01,2021,6,Україна,Охорона здоров'я та надання соціальної допомоги,11517.0
2021-06-01,2021,6,Івано-Франківська,Усього,11551.0
2021-06-01,2021,6,Україна,Державне управління й оборона; обов'язкове соціальне страхування,17095.0
2021-06-01,2021,6,Львівська,Усього,11862.0
2021-06-01,2021,6,Київ,Усього,19387.0
2021-06-01,2021,6,Одеська,Усього,11764.0
2021-06-01,2021,6,Харківська,Усього,11371.0
2021-06-01,2021,6,Полтавська,Усього,12259.0
2021-07-01,2021,7,Україна,Складське господарство та допоміжна діяльність у сфері транспорту,14017.0
2021-07-01,2021,7,Україна,Авіаційний транспорт,26177.0
2021-07-01,2021,7,Україна,Наземний і трубопровідний транспорт,12382.0
2021-07-01,2021,7,Україна,"Діяльність у сфері творчості, мистецтва та розваг",10897.0
2021-07-01,2021,7,Україна,Добування кам'яного та бурого вугілля,17632.0
2021-07-01,2021,7,Україна,Виробництво електричного устатковання,11811.0
2021-07-01,2021,7,Україна,Виробництво основних фармацевтичних продуктів і фармацевтичних препаратів,24223.0
2021-07-01,2021,7,Україна,Сільське господарство та надання пов'язаних із ними послуг,11005.0
2021-07-01,2021,7,Україна,Виробництво коксу та продуктів нафтоперероблення,18123.0
2021-07-01,2021,7,Україна,"Сільське господарство, лісове господарство та рибне господарство",11317.0
2021-07-01,2021,7,Україна,Виробництво хімічних речовин і хімічної продукції,13454.0
2021-07-01,2021,7,Україна,"Функціювання бібліотек, архівів, музеїв та інших закладів культури",9995.0
2021-07-01,2021,7,Україна,Водний транспорт,14127.0
2021-07-01,2021,7,Україна,"Виробництво комп'ютерів, електронної та оптичної продукції",14355.0
2021-07-01,2021,7,Україна,Поштова та кур'єрська діяльність,7919.0
2021-07-01,2021,7,Україна,Наукові дослідження та розробки,14359.0
2021-07-01,2021,7,Україна,Охорона здоров'я,11700.0
2021-07-01,2021,7,Україна,"Виробництво машин і устатковання, н.в.і.у.",12592.0
2021-07-01,2021,7,Україна,Тимчасове розміщування й організація харчування,8011.0
2021-07-01,2021,7,Україна,"Виробництво автотранспортних засобів, причепів і напівпричепів та інших транспортних засобів",12887.0
2021-07-01,2021,7,Україна,Переробна промисловість,12927.0
2021-07-01,2021,7,Україна,"Текстильне виробництво, виробництво одягу, шкіри, виробів зі шкіри та інших матеріалів",8264.0
2021-07-01,2021,7,Україна,Добувна промисловість і розроблення кар'єрів,18757.0
2021-07-01,2021,7,Україна,Фінансова та страхова діяльність,23341.0
2021-07-01,2021,7,Україна,"Виробництво харчових продуктів, напоїв і тютюнових виробів",11954.0
2021-07-01,2021,7,Україна,"Постачання електроенергії, газу, пари та кондиційованого повітря",18750.0
2021-07-01,2021,7,Україна,Промисловість,14323.0
2021-07-01,2021,7,Україна,"Виробництво гумових і пластмасових виробів, іншої неметалевої мінеральної продукції",12302.0
2021-07-01,2021,7,Україна,"Металургійне виробництво, виробництво готових металевих виробів, крім машин і устатковання",15723.0
2021-07-01,2021,7,Україна,Будівництво,10650.0
2021-07-01,2021,7,Україна,Оптова та роздрібна торгівля; ремонт автотранспортних засобів і мотоциклів,12956.0
2021-07-01,2021,7,Україна,"Виробництво меблів, іншої продукції; ремонт і монтаж машин і устатковання",12648.0
2021-07-01,2021,7,Україна,"Водопостачання; каналізація, поводження з відходами",10693.0
2021-07-01,2021,7,Україна,"Транспорт, складське господарство, поштова та кур'єрська діяльність",13008.0
2021-07-01,2021,7,Україна,Інформація та телекомунікації,24838.0
2021-07-01,2021,7,Україна,"Виготовлення виробів з деревини, паперу та  поліграфічна діяльність",11115.0
2021-07-01,2021,7,Дніпропетровська,Усього,13290.0
2021-07-01,2021,7,Запорізька,Усього,13336.0
2021-07-01,2021,7,Донецька,Усього,14502.0
2021-07-01,2021,7,Україна,Діяльність у сфері адміністративного та допоміжного обслуговування,10774.0
2021-07-01,2021,7,Україна,Освіта,11541.0
2021-07-01,2021,7,Київська,Усього,13693.0
2021-07-01,2021,7,Україна,Операції з нерухомим майном,10730.0
2021-07-01,2021,7,Україна,Усього,13458.0
2021-07-01,2021,7,Україна,"Професійна, наукова та технічна діяльність",18691.0
2021-07-01,2021,7,Україна,Надання інших видів послуг,13006.0
2021-07-01,2021,7,Україна,"Мистецтво, спорт, розваги та відпочинок",11942.0
2021-07-01,2021,7,Україна,Охорона здоров'я та надання соціальної допомоги,11469.0
2021-07-01,2021,7,Івано-Франківська,Усього,11703.0
2021-07-01,2021,7,Україна,Державне управління й оборона; обов'язкове соціальне страхування,17615.0
2021-07-01,2021,7,Львівська,Усього,12014.0
2021-07-01,2021,7,Київ,Усього,19612.0
2021-07-01,2021,7,Одеська,Усього,11886.0
2021-07-01,2021,7,Харківська,Усього,11514.0
2021-07-01,2021,7,Полтавська,Усього,12412.0
2021-08-01,2021,8,Україна,Складське господарство та допоміжна діяльність у сфері транспорту,14276.0
2021-08-01,2021,8,Україна,Авіаційний транспорт,26739.0
2021-08-01,2021,8,Україна,Наземний і трубопровідний транспорт,12679.0
2021-08-01,2021,8,Україна,"Діяльність у сфері творчості, мистецтва та розваг",10923.0
2021-08-01,2021,8,Україна,Добування кам'яного та бурого вугілля,17699.0
2021-08-01,2021,8,Україна,Виробництво електричного устатковання,11949.0
2021-08-01,2021,8,Україна,Виробництво основних фармацевтичних продуктів і фармацевтичних препаратів,24325.0
2021-08-01,2021,8,Україна,Сільське господарство та надання пов'язаних із ними послуг,11095.0
2021-08-01,2021,8,Україна,Виробництво коксу та продуктів нафтоперероблення,18005.0
2021-08-01,2021,8,Україна,"Сільське господарство, лісове господарство та рибне господарство",11442.0
2021-08-01,2021,8,Україна,Виробництво хімічних речовин і хімічної продукції,13538.0
2021-08-01,2021,8,Україна,"Функціювання бібліотек, архівів, музеїв та інших закладів культури",10078.0
2021-08-01,2021,8,Україна,Водний транспорт,14271.0
2021-08-01,2021,8,Україна,"Виробництво комп'ютерів, електронної та оптичної продукції",14435.0
2021-08-01,2021,8,Україна,Поштова та кур'єрська діяльність,7915.0
2021-08-01,2021,8,Україна,Наукові дослідження та розробки,14506.0
2021-08-01,2021,8,Україна,Охорона здоров'я,11616.0
2021-08-01,2021,8,Україна,"Виробництво машин і устатковання, н.в.і.у.",12644.0
2021-08-01,2021,8,Україна,Тимчасове розміщування й організація харчування,8244.0
2021-08-01,2021,8,Україна,"Виробництво автотранспортних засобів, причепів і напівпричепів та інших транспортних засобів",12960.0
2021-08-01,2021,8,Україна,Переробна промисловість,13032.0
2021-08-01,2021,8,Україна,"Текстильне виробництво, виробництво одягу, шкіри, виробів зі шкіри та інших матеріалів",8386.0
2021-08-01,2021,8,Україна,Добувна промисловість і розроблення кар'єрів,18837.0
2021-08-01,2021,8,Україна,Фінансова та страхова діяльність,23365.0
2021-08-01,2021,8,Україна,"Виробництво харчових продуктів, напоїв і тютюнових виробів",12008.0
2021-08-01,2021,8,Україна,"Постачання електроенергії, газу, пари та кондиційованого повітря",18806.0
2021-08-01,2021,8,Україна,Промисловість,14414.0
2021-08-01,2021,8,Україна,"Виробництво гумових і пластмасових виробів, іншої неметалевої мінеральної продукції",12409.0
2021-08-01,2021,8,Україна,"Металургійне виробництво, виробництво готових металевих виробів, крім машин і устатковання",15949.0
2021-08-01,2021,8,Україна,Будівництво,10807.0
2021-08-01,2021,8,Україна,Оптова та роздрібна торгівля; ремонт автотранспортних засобів і мотоциклів,13046.0
2021-08-01,2021,8,Україна,"Виробництво меблів, іншої продукції; ремонт і монтаж машин і устатковання",12735.0
2021-08-01,2021,8,Україна,"Водопостачання; каналізація, поводження з відходами",10773.0
2021-08-01,2021,8,Україна,"Транспорт, складське господарство, поштова та кур'єрська діяльність",13263.0
2021-08-01,2021,8,Україна,Інформація та телекомунікації,24835.0
2021-08-01,2021,8,Україна,"Виготовлення виробів з деревини, паперу та  поліграфічна діяльність",11262.0
2021-08-01,2021,8,Дніпропетровська,Усього,13371.0
2021-08-01,2021,8,Запорізька,Усього,13412.0
2021-08-01,2021,8,Донецька,Усього,14545.0
2021-08-01,2021,8,Україна,Діяльність у сфері адміністративного та допоміжного обслуговування,10845.0
2021-08-01,2021,8,Україна,Освіта,11409.0
2021-08-01,2021,8,Київська,Усього,13760.0
2021-08-01,2021,8,Україна,Операції з нерухомим майном,10811.0
2021-08-01,2021,8,Україна,Усього,13525.0
2021-08-01,2021,8,Україна,"Професійна, наукова та технічна діяльність",18750.0
2021-08-01,2021,8,Україна,Надання інших видів послуг,13012.0
2021-08-01,2021,8,Україна,"Мистецтво, спорт, розваги та відпочинок",12010.0
2021-08-01,2021,8,Україна,Охорона здоров'я та надання соціальної допомоги,11398.0
2021-08-01,2021,8,Івано-Франківська,Усього,11712.0
2021-08-01,2021,8,Україна,Державне управління й оборона; обов'язкове соціальне страхування,18055.0
2021-08-01,2021,8,Львівська,Усього,12103.0
2021-08-01,2021,8,Київ,Усього,19705.0
2021-08-01,2021,8,Одеська,Усього,11945.0
2021-08-01,2021,8,Харківська,Усього,11583.0
2021-08-01,2021,8,Полтавська,Усього,12492.0
2021-09-01,2021,9,Україна,Складське господарство та допоміжна діяльність у сфері транспорту,14438.0
2021-09-01,2021,9,Україна,Авіаційний транспорт,27084.0
2021-09-01,2021,9,Україна,Наземний і трубопровідний транспорт,12782.0
2021-09-01,2021,9,Україна,"Діяльність у сфері творчості, мистецтва та розваг",10979.0
2021-09-01,2021,9,Україна,Добування кам'яного та бурого вугілля,17708.0
2021-09-01,2021,9,Україна,Виробництво електричного устатковання,12083.0
2021-09-01,2021,9,Україна,Виробництво основних фармацевтичних продуктів і фармацевтичних препаратів,24306.0
2021-09-01,2021,9,Україна,Сільське господарство та надання пов'язаних із ними послуг,11181.0
2021-09-01,2021,9,Україна,Виробництво коксу та продуктів нафтоперероблення,17866.0
2021-09-01,2021,9,Україна,"Сільське господарство, лісове господарство та рибне господарство",11623.0
2021-09-01,2021,9,Україна,Виробництво хімічних речовин і хімічної продукції,13601.0
2021-09-01,2021,9,Україна,"Функціювання бібліотек, архівів, музеїв та інших закладів культури",10167.0
2021-09-01,2021,9,Україна,Водний транспорт,14389.0
2021-09-01,2021,9,Україна,"Виробництво комп'ютерів, електронної та оптичної продукції",14545.0
2021-09-01,2021,9,Україна,Поштова та кур'єрська діяльність,8009.0
2021-09-01,2021,9,Україна,Наукові дослідження та розробки,14643.0
2021-09-01,2021,9,Україна,Охорона здоров'я,11516.0
2021-09-01,2021,9,Україна,"Виробництво машин і устатковання, н.в.і.у.",12835.0
2021-09-01,2021,9,Україна,Тимчасове розміщування й організація харчування,8339.0
2021-09-01,2021,9,Україна,"Виробництво автотранспортних засобів, причепів і напівпричепів та інших транспортних засобів",13106.0
2021-09-01,2021,9,Україна,Переробна промисловість,13119.0
2021-09-01,2021,9,Україна,"Текстильне виробництво, виробництво одягу, шкіри, виробів зі шкіри та інших матеріалів",8476.0
2021-09-01,2021,9,Україна,Добувна промисловість і розроблення кар'єрів,18973.0
2021-09-01,2021,9,Україна,Фінансова та страхова діяльність,23277.0
2021-09-01,2021,9,Україна,"Виробництво харчових продуктів, напоїв і тютюнових виробів",12069.0
2021-09-01,2021,9,Україна,"Постачання електроенергії, газу, пари та кондиційованого повітря",19024.0
2021-09-01,2021,9,Україна,Промисловість,14523.0
2021-09-01,2021,9,Україна,"Виробництво гумових і пластмасових виробів, іншої неметалевої мінеральної продукції",12531.0
2021-09-01,2021,9,Україна,"Металургійне виробництво, виробництво готових металевих виробів, крім машин і устатковання",15936.0
2021-09-01,2021,9,Україна,Будівництво,10986.0
2021-09-01,2021,9,Україна,Оптова та роздрібна торгівля; ремонт автотранспортних засобів і мотоциклів,13133.0
2021-09-01,2021,9,Україна,"Виробництво меблів, іншої продукції; ремонт і монтаж машин і устатковання",12862.0
2021-09-01,2021,9,Україна,"Водопостачання; каналізація, поводження з відходами",10827.0
2021-09-01,2021,9,Україна,"Транспорт, складське господарство, поштова та кур'єрська діяльність",13398.0
2021-09-01,2021,9,Україна,Інформація та телекомунікації,24900.0
2021-09-01,2021,9,Україна,"Виготовлення виробів з деревини, паперу та  поліграфічна діяльність",11362.0
2021-09-01,2021,9,Дніпропетровська,Усього,13414.0
2021-09-01,2021,9,Запорізька,Усього,13482.0
2021-09-01,2021,9,Донецька,Усього,14611.0
2021-09-01,2021,9,Україна,Діяльність у сфері адміністративного та допоміжного обслуговування,10895.0
2021-09-01,2021,9,Україна,Освіта,11512.0
2021-09-01,2021,9,Київська,Усього,13862.0
2021-09-01,2021,9,Україна,Операції з нерухомим майном,10872.0
2021-09-01,2021,9,Україна,Усього,13604.0
2021-09-01,2021,9,Україна,"Професійна, наукова та технічна діяльність",18834.0
2021-09-01,2021,9,Україна,Надання інших видів послуг,13020.0
2021-09-01,2021,9,Україна,"Мистецтво, спорт, розваги та відпочинок",12144.0
2021-09-01,2021,9,Україна,Охорона здоров'я та надання соціальної допомоги,11309.0
2021-09-01,2021,9,Івано-Франківська,Усього,11785.0
2021-09-01,2021,9,Україна,Державне управління й оборона; обов'язкове соціальне страхування,18141.0
2021-09-01,2021,9,Львівська,Усього,12205.0
2021-09-01,2021,9,Київ,Усього,19811.0
2021-09-01,2021,9,Одеська,Усього,11979.0
2021-09-01,2021,9,Харківська,Усього,11698.0
2021-09-01,2021,9,Полтавська,Усього,12581.0
2021-10-01,2021,10,Україна,Складське господарство та допоміжна діяльність у сфері транспорту,14574.0
2021-10-01,2021,10,Україна,Авіаційний транспорт,27390.0
2021-10-01,2021,10,Україна,Наземний і трубопровідний транспорт,12881.0
2021-10-01,2021,10,Україна,"Діяльність у сфері творчості, мистецтва та розваг",10990.0
2021-10-01,2021,10,Україна,Добування кам'яного та бурого вугілля,17722.0
2021-10-01,2021,10,Україна,Виробництво електричного устатковання,12169.0
2021-10-01,2021,10,Україна,Виробництво основних фармацевтичних продуктів і фармацевтичних препаратів,24435.0
2021-10-01,2021,10,Україна,Сільське господарство та надання пов'язаних із ними послуг,11356.0
2021-10-01,2021,10,Україна,Виробництво коксу та продуктів нафтоперероблення,17953.0
2021-10-01,2021,10,Україна,"Сільське господарство, лісове господарство та рибне господарство",11800.0
2021-10-01,2021,10,Україна,Виробництво хімічних речовин і хімічної продукції,13630.0
2021-10-01,2021,10,Україна,"Функціювання бібліотек, архівів, музеїв та інших закладів культури",10164.0
2021-10-01,2021,10,Україна,Водний транспорт,14366.0
2021-10-01,2021,10,Україна,"Виробництво комп'ютерів, електронної та оптичної продукції",14548.0
2021-10-01,2021,10,Україна,Поштова та кур'єрська діяльність,8038.0
2021-10-01,2021,10,Україна,Наукові дослідження та розробки,14661.0
2021-10-01,2021,10,Україна,Охорона здоров'я,11494.0
2021-10-01,2021,10,Україна,"Виробництво машин і устатковання, н.в.і.у.",12818.0
2021-10-01,2021,10,Україна,Тимчасове розміщування й організація харчування,8393.0
2021-10-01,2021,10,Україна,"Виробництво автотранспортних засобів, причепів і напівпричепів та інших транспортних засобів",13177.0
2021-10-01,2021,10,Україна,Переробна промисловість,13186.0
2021-10-01,2021,10,Україна,"Текстильне виробництво, виробництво одягу, шкіри, виробів зі шкіри та інших матеріалів",8564.0
2021-10-01,2021,10,Україна,Добувна промисловість і розроблення кар'єрів,18981.0
2021-10-01,2021,10,Україна,Фінансова та страхова діяльність,23312.0
2021-10-01,2021,10,Україна,"Виробництво харчових продуктів, напоїв і тютюнових виробів",12167.0
2021-10-01,2021,10,Україна,"Постачання електроенергії, газу, пари та кондиційованого повітря",19014.0
2021-10-01,2021,10,Україна,Промисловість,14569.0
2021-10-01,2021,10,Україна,"Виробництво гумових і пластмасових виробів, іншої неметалевої мінеральної продукції",12598.0
2021-10-01,2021,10,Україна,"Металургійне виробництво, виробництво готових металевих виробів, крім машин і устатковання",15976.0
2021-10-01,2021,10,Україна,Будівництво,11072.0
2021-10-01,2021,10,Україна,Оптова та роздрібна торгівля; ремонт автотранспортних засобів і мотоциклів,13193.0
2021-10-01,2021,10,Україна,"Виробництво меблів, іншої продукції; ремонт і монтаж машин і устатковання",12915.0
2021-10-01,2021,10,Україна,"Водопостачання; каналізація, поводження з відходами",10864.0
2021-10-01,2021,10,Україна,"Транспорт, складське господарство, поштова та кур'єрська діяльність",13512.0
2021-10-01,2021,10,Україна,Інформація та телекомунікації,24929.0
2021-10-01,2021,10,Україна,"Виготовлення виробів з деревини, паперу та  поліграфічна діяльність",11458.0
2021-10-01,2021,10,Дніпропетровська,Усього,13445.0
2021-10-01,2021,10,Запорізька,Усього,13482.0
2021-10-01,2021,10,Донецька,Усього,14629.0
2021-10-01,2021,10,Україна,Діяльність у сфері адміністративного та допоміжного обслуговування,10946.0
2021-10-01,2021,10,Україна,Освіта,11514.0
2021-10-01,2021,10,Київська,Усього,13932.0
2021-10-01,2021,10,Україна,Операції з нерухомим майном,10904.0
2021-10-01,2021,10,Україна,Усього,13648.0
2021-10-01,2021,10,Україна,"Професійна, наукова та технічна діяльність",18856.0
2021-10-01,2021,10,Україна,Надання інших видів послуг,13028.0
2021-10-01,2021,10,Україна,"Мистецтво, спорт, розваги та відпочинок",12177.0
2021-10-01,2021,10,Україна,Охорона здоров'я та надання соціальної допомоги,11294.0
2021-10-01,2021,10,Івано-Франківська,Усього,11797.0
2021-10-01,2021,10,Україна,Державне управління й оборона; обов'язкове соціальне страхування,18184.0
2021-10-01,2021,10,Львівська,Усього,12239.0
2021-10-01,2021,10,Київ,Усього,19878.0
2021-10-01,2021,10,Одеська,Усього,12006.0
2021-10-01,2021,10,Харківська,Усього,11741.0
2021-10-01,2021,10,Полтавська,Усього,12662.0
2021-11-01,2021,11,Україна,Складське господарство та допоміжна діяльність у сфері транспорту,14681.0
2021-11-01,2021,11,Україна,Авіаційний транспорт,27677.0
2021-11-01,2021,11,Україна,Наземний і трубопровідний транспорт,12915.0
2021-11-01,2021,11,Україна,"Діяльність у сфері творчості, мистецтва та розваг",11025.0
2021-11-01,2021,11,Україна,Добування кам'яного та бурого вугілля,17779.0
2021-11-01,2021,11,Україна,Виробництво електричного устатковання,12275.0
2021-11-01,2021,11,Україна,Виробництво основних фармацевтичних продуктів і фармацевтичних препаратів,24550.0
2021-11-01,2021,11,Україна,Сільське господарство та надання пов'язаних із ними послуг,11499.0
2021-11-01,2021,11,Україна,Виробництво коксу та продуктів нафтоперероблення,17881.0
2021-11-01,2021,11,Україна,"Сільське господарство, лісове господарство та рибне господарство",11964.0
2021-11-01,2021,11,Україна,Виробництво хімічних речовин і хімічної продукції,13624.0
2021-11-01,2021,11,Україна,"Функціювання бібліотек, архівів, музеїв та інших закладів культури",10197.0
2021-11-01,2021,11,Україна,Водний транспорт,14372.0
2021-11-01,2021,11,Україна,"Виробництво комп'ютерів, електронної та оптичної продукції",14669.0
2021-11-01,2021,11,Україна,Поштова та кур'єрська діяльність,8058.0
2021-11-01,2021,11,Україна,Наукові дослідження та розробки,14762.0
2021-11-01,2021,11,Україна,Охорона здоров'я,11530.0
2021-11-01,2021,11,Україна,"Виробництво машин і устатковання, н.в.і.у.",12860.0
2021-11-01,2021,11,Україна,Тимчасове розміщування й організація харчування,8433.0
2021-11-01,2021,11,Україна,"Виробництво автотранспортних засобів, причепів і напівпричепів та інших транспортних засобів",13329.0
2021-11-01,2021,11,Україна,Переробна промисловість,13254.0
2021-11-01,2021,11,Україна,"Текстильне виробництво, виробництво одягу, шкіри, виробів зі шкіри та інших матеріалів",8634.0
2021-11-01,2021,11,Україна,Добувна промисловість і розроблення кар'єрів,18988.0
2021-11-01,2021,11,Україна,Фінансова та страхова діяльність,23322.0
2021-11-01,2021,11,Україна,"Виробництво харчових продуктів, напоїв і тютюнових виробів",12268.0
2021-11-01,2021,11,Україна,"Постачання електроенергії, газу, пари та кондиційованого повітря",18980.0
2021-11-01,2021,11,Україна,Промисловість,14614.0
2021-11-01,2021,11,Україна,"Виробництво гумових і пластмасових виробів, іншої неметалевої мінеральної продукції",12633.0
2021-11-01,2021,11,Україна,"Металургійне виробництво, виробництво готових металевих виробів, крім машин і устатковання",15977.0
2021-11-01,2021,11,Україна,Будівництво,11136.0
2021-11-01,2021,11,Україна,Оптова та роздрібна торгівля; ремонт автотранспортних засобів і мотоциклів,13264.0
2021-11-01,2021,11,Україна,"Виробництво меблів, іншої продукції; ремонт і монтаж машин і устатковання",12963.0
2021-11-01,2021,11,Україна,"Водопостачання; каналізація, поводження з відходами",10884.0
2021-11-01,2021,11,Україна,"Транспорт, складське господарство, поштова та кур'єрська діяльність",13585.0
2021-11-01,2021,11,Україна,Інформація та телекомунікації,25130.0
2021-11-01,2021,11,Україна,"Виготовлення виробів з деревини, паперу та  поліграфічна діяльність",11535.0
2021-11-01,2021,11,Дніпропетровська,Усього,13481.0
2021-11-01,2021,11,Запорізька,Усього,13507.0
2021-11-01,2021,11,Донецька,Усього,14645.0
2021-11-01,2021,11,Україна,Діяльність у сфері адміністративного та допоміжного обслуговування,10991.0
2021-11-01,2021,11,Україна,Освіта,11532.0
2021-11-01,2021,11,Київська,Усього,14007.0
2021-11-01,2021,11,Україна,Операції з нерухомим майном,10938.0
2021-11-01,2021,11,Україна,Усього,13705.0
2021-11-01,2021,11,Україна,"Професійна, наукова та технічна діяльність",18879.0
2021-11-01,2021,11,Україна,Надання інших видів послуг,13050.0
2021-11-01,2021,11,Україна,"Мистецтво, спорт, розваги та відпочинок",12238.0
2021-11-01,2021,11,Україна,Охорона здоров'я та надання соціальної допомоги,11329.0
2021-11-01,2021,11,Івано-Франківська,Усього,11807.0
2021-11-01,2021,11,Україна,Державне управління й оборона; обов'язкове соціальне страхування,18340.0
2021-11-01,2021,11,Львівська,Усього,12285.0
2021-11-01,2021,11,Київ,Усього,19994.0
2021-11-01,2021,11,Одеська,Усього,12050.0
2021-11-01,2021,11,Харківська,Усього,11799.0
2021-11-01,2021,11,Полтавська,Усього,12719.0
2021-12-01,2021,12,Україна,Складське господарство та допоміжна діяльність у сфері транспорту,14961.0
2021-12-01,2021,12,Україна,Авіаційний транспорт,28506.0
2021-12-01,2021,12,Україна,Наземний і трубопровідний транспорт,13121.0
2021-12-01,2021,12,Україна,"Діяльність у сфері творчості, мистецтва та розваг",11315.0
2021-12-01,2021,12,Україна,Добування кам'яного та бурого вугілля,17883.0
2021-12-01,2021,12,Україна,Виробництво електричного устатковання,12508.0
2021-12-01,2021,12,Україна,Виробництво основних фармацевтичних продуктів і фармацевтичних препаратів,24914.0
2021-12-01,2021,12,Україна,Сільське господарство та надання пов'язаних із ними послуг,11733.0
2021-12-01,2021,12,Україна,Виробництво коксу та продуктів нафтоперероблення,17966.0
2021-12-01,2021,12,Україна,"Сільське господарство, лісове господарство та рибне господарство",12287.0
2021-12-01,2021,12,Україна,Виробництво хімічних речовин і хімічної продукції,13768.0
2021-12-01,2021,12,Україна,"Функціювання бібліотек, архівів, музеїв та інших закладів культури",10462.0
2021-12-01,2021,12,Україна,Водний транспорт,14473.0
2021-12-01,2021,12,Україна,"Виробництво комп'ютерів, електронної та оптичної продукції",14997.0
2021-12-01,2021,12,Україна,Поштова та кур'єрська діяльність,8214.0
2021-12-01,2021,12,Україна,Наукові дослідження та розробки,15179.0
2021-12-01,2021,12,Україна,Охорона здоров'я,11825.0
2021-12-01,2021,12,Україна,"Виробництво машин і устатковання, н.в.і.у.",13012.0
2021-12-01,2021,12,Україна,Тимчасове розміщування й організація харчування,8543.0
2021-12-01,2021,12,Україна,"Виробництво автотранспортних засобів, причепів і напівпричепів та інших транспортних засобів",13572.0
2021-12-01,2021,12,Україна,Переробна промисловість,13432.0
2021-12-01,2021,12,Україна,"Текстильне виробництво, виробництво одягу, шкіри, виробів зі шкіри та інших матеріалів",8761.0
2021-12-01,2021,12,Україна,Добувна промисловість і розроблення кар'єрів,19309.0
2021-12-01,2021,12,Україна,Фінансова та страхова діяльність,23975.0
2021-12-01,2021,12,Україна,"Виробництво харчових продуктів, напоїв і тютюнових виробів",12448.0
2021-12-01,2021,12,Україна,"Постачання електроенергії, газу, пари та кондиційованого повітря",19752.0
2021-12-01,2021,12,Україна,Промисловість,14902.0
2021-12-01,2021,12,Україна,"Виробництво гумових і пластмасових виробів, іншої неметалевої мінеральної продукції",12776.0
2021-12-01,2021,12,Україна,"Металургійне виробництво, виробництво готових металевих виробів, крім машин і устатковання",16110.0
2021-12-01,2021,12,Україна,Будівництво,11289.0
2021-12-01,2021,12,Україна,Оптова та роздрібна торгівля; ремонт автотранспортних засобів і мотоциклів,13488.0
2021-12-01,2021,12,Україна,"Виробництво меблів, іншої продукції; ремонт і монтаж машин і устатковання",13139.0
2021-12-01,2021,12,Україна,"Водопостачання; каналізація, поводження з відходами",11032.0
2021-12-01,2021,12,Україна,"Транспорт, складське господарство, поштова та кур'єрська діяльність",13837.0
2021-12-01,2021,12,Україна,Інформація та телекомунікації,25530.0
2021-12-01,2021,12,Україна,"Виготовлення виробів з деревини, паперу та  поліграфічна діяльність",11725.0
2021-12-01,2021,12,Дніпропетровська,Усього,13669.0
2021-12-01,2021,12,Запорізька,Усього,13782.0
2021-12-01,2021,12,Донецька,Усього,14853.0
2021-12-01,2021,12,Україна,Діяльність у сфері адміністративного та допоміжного обслуговування,11186.0
2021-12-01,2021,12,Україна,Освіта,11817.0
2021-12-01,2021,12,Київська,Усього,14290.0
2021-12-01,2021,12,Україна,Операції з нерухомим майном,11142.0
2021-12-01,2021,12,Україна,Усього,14014.0
2021-12-01,2021,12,Україна,"Професійна, наукова та технічна діяльність",19369.0
2021-12-01,2021,12,Україна,Надання інших видів послуг,13279.0
2021-12-01,2021,12,Україна,"Мистецтво, спорт, розваги та відпочинок",12508.0
2021-12-01,2021,12,Україна,Охорона здоров'я та надання соціальної допомоги,11616.0
2021-12-01,2021,12,Івано-Франківська,Усього,11988.0
2021-12-01,2021,12,Україна,Державне управління й оборона; обов'язкове соціальне страхування,19048.0
2021-12-01,2021,12,Львівська,Усього,12530.0
2021-12-01,2021,12,Київ,Усього,20558.0
2021-12-01,2021,12,Одеська,Усього,12326.0
2021-12-01,2021,12,Харківська,Усього,12051.0
2021-12-01,2021,12,Полтавська,Усього,12988.0
2023-01-01,2023,1,Україна,Складське господарство та допоміжна діяльність у сфері транспорту,15370.0
2023-01-01,2023,1,Україна,Авіаційний транспорт,27820.0
2023-01-01,2023,1,Україна,Наземний і трубопровідний транспорт,13405.0
2023-01-01,2023,1,Україна,"Діяльність у сфері творчості, мистецтва та розваг",9704.0
2023-01-01,2023,1,Україна,Добування кам'яного та бурого вугілля,21846.0
2023-01-01,2023,1,Україна,Виробництво електричного устатковання,12600.0
2023-01-01,2023,1,Україна,Виробництво основних фармацевтичних продуктів і фармацевтичних препаратів,29179.0
2023-01-01,2023,1,Україна,Сільське господарство та надання пов'язаних із ними послуг,12357.0
2023-01-01,2023,1,Україна,Виробництво коксу та продуктів нафтоперероблення,17552.0
2023-01-01,2023,1,Україна,"Сільське господарство, лісове господарство та рибне господарство",12224.0
2023-01-01,2023,1,Україна,Виробництво хімічних речовин і хімічної продукції,12005.0
2023-01-01,2023,1,Україна,"Функціювання бібліотек, архівів, музеїв та інших закладів культури",9252.0
2023-01-01,2023,1,Україна,Водний транспорт,17528.0
2023-01-01,2023,1,Україна,"Виробництво комп'ютерів, електронної та оптичної продукції",20914.0
2023-01-01,2023,1,Україна,Поштова та кур'єрська діяльність,9437.0
2023-01-01,2023,1,Україна,Наукові дослідження та розробки,15818.0
2023-01-01,2023,1,Україна,Охорона здоров'я,13408.0
2023-01-01,2023,1,Україна,"Виробництво машин і устатковання, н.в.і.у.",10710.0
2023-01-01,2023,1,Україна,Тимчасове розміщування й організація харчування,9774.0
2023-01-01,2023,1,Україна,"Виробництво автотранспортних засобів, причепів і напівпричепів та інших транспортних засобів",16264.0
2023-01-01,2023,1,Україна,Переробна промисловість,14136.0
2023-01-01,2023,1,Україна,"Текстильне виробництво, виробництво одягу, шкіри, виробів зі шкіри та інших матеріалів",10346.0
2023-01-01,2023,1,Україна,Добувна промисловість і розроблення кар'єрів,19507.0
2023-01-01,2023,1,Україна,Фінансова та страхова діяльність,29216.0
2023-01-01,2023,1,Україна,"Виробництво харчових продуктів, напоїв і тютюнових виробів",14832.0
2023-01-01,2023,1,Україна,"Постачання електроенергії, газу, пари та кондиційованого повітря",21025.0
2023-01-01,2023,1,Україна,Промисловість,15846.0
2023-01-01,2023,1,Україна,"Виробництво гумових і пластмасових виробів, іншої неметалевої мінеральної продукції",11735.0
2023-01-01,2023,1,Україна,"Металургійне виробництво, виробництво готових металевих виробів, крім машин і устатковання",14375.0
2023-01-01,2023,1,Україна,Будівництво,9781.0
2023-01-01,2023,1,Україна,Оптова та роздрібна торгівля; ремонт автотранспортних засобів і мотоциклів,16496.0
2023-01-01,2023,1,Україна,"Виробництво меблів, іншої продукції; ремонт і монтаж машин і устатковання",13651.0
2023-01-01,2023,1,Україна,"Водопостачання; каналізація, поводження з відходами",13034.0
2023-01-01,2023,1,Україна,"Транспорт, складське господарство, поштова та кур'єрська діяльність",14275.0
2023-01-01,2023,1,Україна,Інформація та телекомунікації,33072.0
2023-01-01,2023,1,Україна,"Виготовлення виробів з деревини, паперу та  поліграфічна діяльність",12790.0
2023-01-01,2023,1,Дніпропетровська,Усього,14859.0
2023-01-01,2023,1,Запорізька,Усього,13946.0
2023-01-01,2023,1,Донецька,Усього,13158.0
2023-01-01,2023,1,Україна,Діяльність у сфері адміністративного та допоміжного обслуговування,13123.0
2023-01-01,2023,1,Україна,Освіта,10603.0
2023-01-01,2023,1,Київська,Усього,14470.0
2023-01-01,2023,1,Україна,Операції з нерухомим майном,13578.0
2023-01-01,2023,1,Україна,Усього,14742.0
2023-01-01,2023,1,Україна,"Професійна, наукова та технічна діяльність",20211.0
2023-01-01,2023,1,Україна,Надання інших видів послуг,16344.0
2023-01-01,2023,1,Україна,"Мистецтво, спорт, розваги та відпочинок",11109.0
2023-01-01,2023,1,Україна,Охорона здоров'я та надання соціальної допомоги,13126.0
2023-01-01,2023,1,Івано-Франківська,Усього,12183.0
2023-01-01,2023,1,Україна,Державне управління й оборона; обов'язкове соціальне страхування,18186.0
2023-01-01,2023,1,Львівська,Усього,14147.0
2023-01-01,2023,1,Київ,Усього,22206.0
2023-01-01,2023,1,Одеська,Усього,12528.0
2023-01-01,2023,1,Харківська,Усього,12263.0
2023-01-01,2023,1,Полтавська,Усього,13562.0
2023-02-01,2023,2,Україна,Складське господарство та допоміжна діяльність у сфері транспорту,15333.0
2023-02-01,2023,2,Україна,Авіаційний транспорт,29026.0
2023-02-01,2023,2,Україна,Наземний і трубопровідний транспорт,13078.0
2023-02-01,2023,2,Україна,"Діяльність у сфері творчості, мистецтва та розваг",9934.0
2023-02-01,2023,2,Україна,Добування кам'яного та бурого вугілля,22259.0
2023-02-01,2023,2,Україна,Виробництво електричного устатковання,12901.0
2023-02-01,2023,2,Україна,Виробництво основних фармацевтичних продуктів і фармацевтичних препаратів,31194.0
2023-02-01,2023,2,Україна,Сільське господарство та надання пов'язаних із ними послуг,11853.0
2023-02-01,2023,2,Україна,Виробництво коксу та продуктів нафтоперероблення,17545.0
2023-02-01,2023,2,Україна,"Сільське господарство, лісове господарство та рибне господарство",11883.0
2023-02-01,2023,2,Україна,Виробництво хімічних речовин і хімічної продукції,11875.0
2023-02-01,2023,2,Україна,"Функціювання бібліотек, архівів, музеїв та інших закладів культури",9401.0
2023-02-01,2023,2,Україна,Водний транспорт,18024.0
2023-02-01,2023,2,Україна,"Виробництво комп'ютерів, електронної та оптичної продукції",21546.0
2023-02-01,2023,2,Україна,Поштова та кур'єрська діяльність,9491.0
2023-02-01,2023,2,Україна,Наукові дослідження та розробки,15959.0
2023-02-01,2023,2,Україна,Охорона здоров'я,13502.0
2023-02-01,2023,2,Україна,"Виробництво машин і устатковання, н.в.і.у.",11025.0
2023-02-01,2023,2,Україна,Тимчасове розміщування й організація харчування,9982.0
2023-02-01,2023,2,Україна,"Виробництво автотранспортних засобів, причепів і напівпричепів та інших транспортних засобів",16573.0
2023-02-01,2023,2,Україна,Переробна промисловість,14350.0
2023-02-01,2023,2,Україна,"Текстильне виробництво, виробництво одягу, шкіри, виробів зі шкіри та інших матеріалів",10492.0
2023-02-01,2023,2,Україна,Добувна промисловість і розроблення кар'єрів,19302.0
2023-02-01,2023,2,Україна,Фінансова та страхова діяльність,32224.0
2023-02-01,2023,2,Україна,"Виробництво харчових продуктів, напоїв і тютюнових виробів",14637.0
2023-02-01,2023,2,Україна,"Постачання електроенергії, газу, пари та кондиційованого повітря",20911.0
2023-02-01,2023,2,Україна,Промисловість,15942.0
2023-02-01,2023,2,Україна,"Виробництво гумових і пластмасових виробів, іншої неметалевої мінеральної продукції",12160.0
2023-02-01,2023,2,Україна,"Металургійне виробництво, виробництво готових металевих виробів, крім машин і устатковання",14634.0
2023-02-01,2023,2,Україна,Будівництво,9916.0
2023-02-01,2023,2,Україна,Оптова та роздрібна торгівля; ремонт автотранспортних засобів і мотоциклів,17153.0
2023-02-01,2023,2,Україна,"Виробництво меблів, іншої продукції; ремонт і монтаж машин і устатковання",13597.0
2023-02-01,2023,2,Україна,"Водопостачання; каналізація, поводження з відходами",12985.0
2023-02-01,2023,2,Україна,"Транспорт, складське господарство, поштова та кур'єрська діяльність",14155.0
2023-02-01,2023,2,Україна,Інформація та телекомунікації,36069.0
2023-02-01,2023,2,Україна,"Виготовлення виробів з деревини, паперу та  поліграфічна діяльність",13727.0
2023-02-01,2023,2,Дніпропетровська,Усього,15671.0
2023-02-01,2023,2,Запорізька,Усього,13957.0
2023-02-01,2023,2,Донецька,Усього,13450.0
2023-02-01,2023,2,Україна,Діяльність у сфері адміністративного та допоміжного обслуговування,13055.0
2023-02-01,2023,2,Україна,Освіта,10847.0
2023-02-01,2023,2,Київська,Усього,14919.0
2023-02-01,2023,2,Україна,Операції з нерухомим майном,13529.0
2023-02-01,2023,2,Україна,Усього,15017.0
2023-02-01,2023,2,Україна,"Професійна, наукова та технічна діяльність",20175.0
2023-02-01,2023,2,Україна,Надання інших видів послуг,16238.0
2023-02-01,2023,2,Україна,"Мистецтво, спорт, розваги та відпочинок",11806.0
2023-02-01,2023,2,Україна,Охорона здоров'я та надання соціальної допомоги,13232.0
2023-02-01,2023,2,Івано-Франківська,Усього,12292.0
2023-02-01,2023,2,Україна,Державне управління й оборона; обов'язкове соціальне страхування,18605.0
2023-02-01,2023,2,Львівська,Усього,14047.0
2023-02-01,2023,2,Київ,Усього,23098.0
2023-02-01,2023,2,Одеська,Усього,12594.0
2023-02-01,2023,2,Харківська,Усього,12372.0
2023-02-01,2023,2,Полтавська,Усього,13387.0
2023-03-01,2023,3,Україна,Складське господарство та допоміжна діяльність у сфері транспорту,15771.0
2023-03-01,2023,3,Україна,Авіаційний транспорт,29377.0
2023-03-01,2023,3,Україна,Наземний і трубопровідний транспорт,13299.0
2023-03-01,2023,3,Україна,"Діяльність у сфері творчості, мистецтва та розваг",10171.0
2023-03-01,2023,3,Україна,Добування кам'яного та бурого вугілля,22809.0
2023-03-01,2023,3,Україна,Виробництво електричного устатковання,13347.0
2023-03-01,2023,3,Україна,Виробництво основних фармацевтичних продуктів і фармацевтичних препаратів,31395.0
2023-03-01,2023,3,Україна,Сільське господарство та надання пов'язаних із ними послуг,12159.0
2023-03-01,2023,3,Україна,Виробництво коксу та продуктів нафтоперероблення,17870.0
2023-03-01,2023,3,Україна,"Сільське господарство, лісове господарство та рибне господарство",12312.0
2023-03-01,2023,3,Україна,Виробництво хімічних речовин і хімічної продукції,12210.0
2023-03-01,2023,3,Україна,"Функціювання бібліотек, архівів, музеїв та інших закладів культури",9592.0
2023-03-01,2023,3,Україна,Водний транспорт,18396.0
2023-03-01,2023,3,Україна,"Виробництво комп'ютерів, електронної та оптичної продукції",22139.0
2023-03-01,2023,3,Україна,Поштова та кур'єрська діяльність,9941.0
2023-03-01,2023,3,Україна,Наукові дослідження та розробки,16509.0
2023-03-01,2023,3,Україна,Охорона здоров'я,13753.0
2023-03-01,2023,3,Україна,"Виробництво машин і устатковання, н.в.і.у.",11742.0
2023-03-01,2023,3,Україна,Тимчасове розміщування й організація харчування,10228.0
2023-03-01,2023,3,Україна,"Виробництво автотранспортних засобів, причепів і напівпричепів та інших транспортних засобів",17305.0
2023-03-01,2023,3,Україна,Переробна промисловість,14872.0
2023-03-01,2023,3,Україна,"Текстильне виробництво, виробництво одягу, шкіри, виробів зі шкіри та інших матеріалів",10888.0
2023-03-01,2023,3,Україна,Добувна промисловість і розроблення кар'єрів,19796.0
2023-03-01,2023,3,Україна,Фінансова та страхова діяльність,32946.0
2023-03-01,2023,3,Україна,"Виробництво харчових продуктів, напоїв і тютюнових виробів",15009.0
2023-03-01,2023,3,Україна,"Постачання електроенергії, газу, пари та кондиційованого повітря",21893.0
2023-03-01,2023,3,Україна,Промисловість,16538.0
2023-03-01,2023,3,Україна,"Виробництво гумових і пластмасових виробів, іншої неметалевої мінеральної продукції",12785.0
2023-03-01,2023,3,Україна,"Металургійне виробництво, виробництво готових металевих виробів, крім машин і устатковання",15253.0
2023-03-01,2023,3,Україна,Будівництво,10205.0
2023-03-01,2023,3,Україна,Оптова та роздрібна торгівля; ремонт автотранспортних засобів і мотоциклів,17754.0
2023-03-01,2023,3,Україна,"Виробництво меблів, іншої продукції; ремонт і монтаж машин і устатковання",14008.0
2023-03-01,2023,3,Україна,"Водопостачання; каналізація, поводження з відходами",13409.0
2023-03-01,2023,3,Україна,"Транспорт, складське господарство, поштова та кур'єрська діяльність",14491.0
2023-03-01,2023,3,Україна,Інформація та телекомунікації,36546.0
2023-03-01,2023,3,Україна,"Виготовлення виробів з деревини, паперу та  поліграфічна діяльність",14319.0
2023-03-01,2023,3,Дніпропетровська,Усього,15936.0
2023-03-01,2023,3,Запорізька,Усього,14445.0
2023-03-01,2023,3,Донецька,Усього,13899.0
2023-03-01,2023,3,Україна,Діяльність у сфері адміністративного та допоміжного обслуговування,13438.0
2023-03-01,2023,3,Україна,Освіта,11038.0
2023-03-01,2023,3,Київська,Усього,15282.0
2023-03-01,2023,3,Україна,Операції з нерухомим майном,13754.0
2023-03-01,2023,3,Україна,Усього,15436.0
2023-03-01,2023,3,Україна,"Професійна, наукова та технічна діяльність",21177.0
2023-03-01,2023,3,Україна,Надання інших видів послуг,16967.0
2023-03-01,2023,3,Україна,"Мистецтво, спорт, розваги та відпочинок",12128.0
2023-03-01,2023,3,Україна,Охорона здоров'я та надання соціальної допомоги,13489.0
2023-03-01,2023,3,Івано-Франківська,Усього,12604.0
2023-03-01,2023,3,Україна,Державне управління й оборона; обов'язкове соціальне страхування,19021.0
2023-03-01,2023,3,Львівська,Усього,14358.0
2023-03-01,2023,3,Київ,Усього,23890.0
2023-03-01,2023,3,Одеська,Усього,12938.0
2023-03-01,2023,3,Харківська,Усього,12683.0
2023-03-01,2023,3,Полтавська,Усього,13829.0
2024-01-01,2024,1,Україна,Складське господарство та допоміжна діяльність у сфері транспорту,21373.0
2024-01-01,2024,1,Україна,Авіаційний транспорт,34163.0
2024-01-01,2024,1,Україна,Наземний і трубопровідний транспорт,17229.0
2024-01-01,2024,1,Україна,"Діяльність у сфері творчості, мистецтва та розваг",11112.0
2024-01-01,2024,1,Україна,Добування кам'яного та бурого вугілля,27777.0
2024-01-01,2024,1,Україна,Виробництво електричного устатковання,16912.0
2024-01-01,2024,1,Україна,Виробництво основних фармацевтичних продуктів і фармацевтичних препаратів,37864.0
2024-01-01,2024,1,Україна,Сільське господарство та надання пов'язаних із ними послуг,14404.0
2024-01-01,2024,1,Україна,Виробництво коксу та продуктів нафтоперероблення,17739.0
2024-01-01,2024,1,Україна,"Сільське господарство, лісове господарство та рибне господарство",14467.0
2024-01-01,2024,1,Україна,Виробництво хімічних речовин і хімічної продукції,15905.0
2024-01-01,2024,1,Україна,"Функціювання бібліотек, архівів, музеїв та інших закладів культури",10484.0
2024-01-01,2024,1,Україна,Водний транспорт,27176.0
2024-01-01,2024,1,Україна,"Виробництво комп'ютерів, електронної та оптичної продукції",27980.0
2024-01-01,2024,1,Україна,Поштова та кур'єрська діяльність,13720.0
2024-01-01,2024,1,Україна,Наукові дослідження та розробки,17745.0
2024-01-01,2024,1,Україна,Охорона здоров'я,14712.0
2024-01-01,2024,1,Україна,"Виробництво машин і устатковання, н.в.і.у.",15552.0
2024-01-01,2024,1,Україна,Тимчасове розміщування й організація харчування,13063.0
2024-01-01,2024,1,Україна,"Виробництво автотранспортних засобів, причепів і напівпричепів та інших транспортних засобів",21002.0
2024-01-01,2024,1,Україна,Переробна промисловість,18598.0
2024-01-01,2024,1,Україна,"Текстильне виробництво, виробництво одягу, шкіри, виробів зі шкіри та інших матеріалів",12665.0
2024-01-01,2024,1,Україна,Добувна промисловість і розроблення кар'єрів,24262.0
2024-01-01,2024,1,Україна,Фінансова та страхова діяльність,34798.0
2024-01-01,2024,1,Україна,"Виробництво харчових продуктів, напоїв і тютюнових виробів",18333.0
2024-01-01,2024,1,Україна,"Постачання електроенергії, газу, пари та кондиційованого повітря",25402.0
2024-01-01,2024,1,Україна,Промисловість,20052.0
2024-01-01,2024,1,Україна,"Виробництво гумових і пластмасових виробів, іншої неметалевої мінеральної продукції",16461.0
2024-01-01,2024,1,Україна,"Металургійне виробництво, виробництво готових металевих виробів, крім машин і устатковання",20770.0
2024-01-01,2024,1,Україна,Будівництво,14262.0
2024-01-01,2024,1,Україна,Оптова та роздрібна торгівля; ремонт автотранспортних засобів і мотоциклів,22499.0
2024-01-01,2024,1,Україна,"Виробництво меблів, іншої продукції; ремонт і монтаж машин і устатковання",17841.0
2024-01-01,2024,1,Україна,"Водопостачання; каналізація, поводження з відходами",15511.0
2024-01-01,2024,1,Україна,"Транспорт, складське господарство, поштова та кур'єрська діяльність",19140.0
2024-01-01,2024,1,Україна,Інформація та телекомунікації,45917.0
2024-01-01,2024,1,Україна,"Виготовлення виробів з деревини, паперу та  поліграфічна діяльність",15912.0
2024-01-01,2024,1,Дніпропетровська,Усього,19945.0
2024-01-01,2024,1,Запорізька,Усього,16673.0
2024-01-01,2024,1,Донецька,Усього,18861.0
2024-01-01,2024,1,Україна,Діяльність у сфері адміністративного та допоміжного обслуговування,15565.0
2024-01-01,2024,1,Україна,Освіта,12235.0
2024-01-01,2024,1,Київська,Усього,18302.0
2024-01-01,2024,1,Україна,Операції з нерухомим майном,17003.0
2024-01-01,2024,1,Україна,Усього,18316.0
2024-01-01,2024,1,Україна,"Професійна, наукова та технічна діяльність",24139.0
2024-01-01,2024,1,Україна,Надання інших видів послуг,21665.0
2024-01-01,2024,1,Україна,"Мистецтво, спорт, розваги та відпочинок",12853.0
2024-01-01,2024,1,Україна,Охорона здоров'я та надання соціальної допомоги,14466.0
2024-01-01,2024,1,Івано-Франківська,Усього,14577.0
2024-01-01,2024,1,Україна,Державне управління й оборона; обов'язкове соціальне страхування,22311.0
2024-01-01,2024,1,Львівська,Усього,16849.0
2024-01-01,2024,1,Київ,Усього,27782.0
2024-01-01,2024,1,Одеська,Усього,15044.0
2024-01-01,2024,1,Харківська,Усього,15622.0
2024-01-01,2024,1,Полтавська,Усього,16172.0
2024-02-01,2024,2,Україна,Складське господарство та допоміжна діяльність у сфері транспорту,21156.0
2024-02-01,2024,2,Україна,Авіаційний транспорт,34085.0
2024-02-01,2024,2,Україна,Наземний і трубопровідний транспорт,16741.0
2024-02-01,2024,2,Україна,"Діяльність у сфері творчості, мистецтва та розваг",11331.0
2024-02-01,2024,2,Україна,Добування кам'яного та бурого вугілля,27755.0
2024-02-01,2024,2,Україна,Виробництво електричного устатковання,17429.0
2024-02-01,2024,2,Україна,Виробництво основних фармацевтичних продуктів і фармацевтичних препаратів,37285.0
2024-02-01,2024,2,Україна,Сільське господарство та надання пов'язаних із ними послуг,14159.0
2024-02-01,2024,2,Україна,Виробництво коксу та продуктів нафтоперероблення,18490.0
2024-02-01,2024,2,Україна,"Сільське господарство, лісове господарство та рибне господарство",14543.0
2024-02-01,2024,2,Україна,Виробництво хімічних речовин і хімічної продукції,15750.0
2024-02-01,2024,2,Україна,"Функціювання бібліотек, архівів, музеїв та інших закладів культури",10839.0
2024-02-01,2024,2,Україна,Водний транспорт,26419.0
2024-02-01,2024,2,Україна,"Виробництво комп'ютерів, електронної та оптичної продукції",28754.0
2024-02-01,2024,2,Україна,Поштова та кур'єрська діяльність,13721.0
2024-02-01,2024,2,Україна,Наукові дослідження та розробки,18329.0
2024-02-01,2024,2,Україна,Охорона здоров'я,15111.0
2024-02-01,2024,2,Україна,"Виробництво машин і устатковання, н.в.і.у.",16005.0
2024-02-01,2024,2,Україна,Тимчасове розміщування й організація харчування,15235.0
2024-02-01,2024,2,Україна,"Виробництво автотранспортних засобів, причепів і напівпричепів та інших транспортних засобів",21226.0
2024-02-01,2024,2,Україна,Переробна промисловість,18717.0
2024-02-01,2024,2,Україна,"Текстильне виробництво, виробництво одягу, шкіри, виробів зі шкіри та інших матеріалів",12784.0
2024-02-01,2024,2,Україна,Добувна промисловість і розроблення кар'єрів,24655.0
2024-02-01,2024,2,Україна,Фінансова та страхова діяльність,38533.0
2024-02-01,2024,2,Україна,"Виробництво харчових продуктів, напоїв і тютюнових виробів",18197.0
2024-02-01,2024,2,Україна,"Постачання електроенергії, газу, пари та кондиційованого повітря",24538.0
2024-02-01,2024,2,Україна,Промисловість,20038.0
2024-02-01,2024,2,Україна,"Виробництво гумових і пластмасових виробів, іншої неметалевої мінеральної продукції",16747.0
2024-02-01,2024,2,Україна,"Металургійне виробництво, виробництво готових металевих виробів, крім машин і устатковання",20798.0
2024-02-01,2024,2,Україна,Будівництво,14317.0
2024-02-01,2024,2,Україна,Оптова та роздрібна торгівля; ремонт автотранспортних засобів і мотоциклів,22136.0
2024-02-01,2024,2,Україна,"Виробництво меблів, іншої продукції; ремонт і монтаж машин і устатковання",17975.0
2024-02-01,2024,2,Україна,"Водопостачання; каналізація, поводження з відходами",15452.0
2024-02-01,2024,2,Україна,"Транспорт, складське господарство, поштова та кур'єрська діяльність",18812.0
2024-02-01,2024,2,Україна,Інформація та телекомунікації,48160.0
2024-02-01,2024,2,Україна,"Виготовлення виробів з деревини, паперу та  поліграфічна діяльність",16319.0
2024-02-01,2024,2,Дніпропетровська,Усього,19507.0
2024-02-01,2024,2,Запорізька,Усього,16729.0
2024-02-01,2024,2,Донецька,Усього,19135.0
2024-02-01,2024,2,Україна,Діяльність у сфері адміністративного та допоміжного обслуговування,15561.0
2024-02-01,2024,2,Україна,Освіта,12477.0
2024-02-01,2024,2,Київська,Усього,18288.0
2024-02-01,2024,2,Україна,Операції з нерухомим майном,17463.0
2024-02-01,2024,2,Україна,Усього,18539.0
2024-02-01,2024,2,Україна,"Професійна, наукова та технічна діяльність",24835.0
2024-02-01,2024,2,Україна,Надання інших видів послуг,22365.0
2024-02-01,2024,2,Україна,"Мистецтво, спорт, розваги та відпочинок",13207.0
2024-02-01,2024,2,Україна,Охорона здоров'я та надання соціальної допомоги,14848.0
2024-02-01,2024,2,Івано-Франківська,Усього,14776.0
2024-02-01,2024,2,Україна,Державне управління й оборона; обов'язкове соціальне страхування,22887.0
2024-02-01,2024,2,Львівська,Усього,16800.0
2024-02-01,2024,2,Київ,Усього,28788.0
2024-02-01,2024,2,Одеська,Усього,15322.0
2024-02-01,2024,2,Харківська,Усього,15805.0
2024-02-01,2024,2,Полтавська,Усього,16413.0
2024-03-01,2024,3,Україна,Складське господарство та допоміжна діяльність у сфері транспорту,21188.0
2024-03-01,2024,3,Україна,Авіаційний транспорт,34494.0
2024-03-01,2024,3,Україна,Наземний і трубопровідний транспорт,16838.0
2024-03-01,2024,3,Україна,"Діяльність у сфері творчості, мистецтва та розваг",11515.0
2024-03-01,2024,3,Україна,Добування кам'яного та бурого вугілля,28145.0
2024-03-01,2024,3,Україна,Виробництво електричного устатковання,17734.0
2024-03-01,2024,3,Україна,Виробництво основних фармацевтичних продуктів і фармацевтичних препаратів,38345.0
2024-03-01,2024,3,Україна,Сільське господарство та надання пов'язаних із ними послуг,14482.0
2024-03-01,2024,3,Україна,Виробництво коксу та продуктів нафтоперероблення,19862.0
2024-03-01,2024,3,Україна,"Сільське господарство, лісове господарство та рибне господарство",14988.0
2024-03-01,2024,3,Україна,Виробництво хімічних речовин і хімічної продукції,15971.0
2024-03-01,2024,3,Україна,"Функціювання бібліотек, архівів, музеїв та інших закладів культури",11055.0
2024-03-01,2024,3,Україна,Водний транспорт,26292.0
2024-03-01,2024,3,Україна,"Виробництво комп'ютерів, електронної та оптичної продукції",29668.0
2024-03-01,2024,3,Україна,Поштова та кур'єрська діяльність,14353.0
2024-03-01,2024,3,Україна,Наукові дослідження та розробки,19119.0
2024-03-01,2024,3,Україна,Охорона здоров'я,15488.0
2024-03-01,2024,3,Україна,"Виробництво машин і устатковання, н.в.і.у.",16482.0
2024-03-01,2024,3,Україна,Тимчасове розміщування й організація харчування,14907.0
2024-03-01,2024,3,Україна,"Виробництво автотранспортних засобів, причепів і напівпричепів та інших транспортних засобів",21779.0
2024-03-01,2024,3,Україна,Переробна промисловість,19204.0
2024-03-01,2024,3,Україна,"Текстильне виробництво, виробництво одягу, шкіри, виробів зі шкіри та інших матеріалів",12938.0
2024-03-01,2024,3,Україна,Добувна промисловість і розроблення кар'єрів,25287.0
2024-03-01,2024,3,Україна,Фінансова та страхова діяльність,38961.0
2024-03-01,2024,3,Україна,"Виробництво харчових продуктів, напоїв і тютюнових виробів",18540.0
2024-03-01,2024,3,Україна,"Постачання електроенергії, газу, пари та кондиційованого повітря",24798.0
2024-03-01,2024,3,Україна,Промисловість,20486.0
2024-03-01,2024,3,Україна,"Виробництво гумових і пластмасових виробів, іншої неметалевої мінеральної продукції",17194.0
2024-03-01,2024,3,Україна,"Металургійне виробництво, виробництво готових металевих виробів, крім машин і устатковання",21640.0
2024-03-01,2024,3,Україна,Будівництво,14545.0
2024-03-01,2024,3,Україна,Оптова та роздрібна торгівля; ремонт автотранспортних засобів і мотоциклів,22673.0
2024-03-01,2024,3,Україна,"Виробництво меблів, іншої продукції; ремонт і монтаж машин і устатковання",18313.0
2024-03-01,2024,3,Україна,"Водопостачання; каналізація, поводження з відходами",15719.0
2024-03-01,2024,3,Україна,"Транспорт, складське господарство, поштова та кур'єрська діяльність",18928.0
2024-03-01,2024,3,Україна,Інформація та телекомунікації,49541.0
2024-03-01,2024,3,Україна,"Виготовлення виробів з деревини, паперу та  поліграфічна діяльність",16886.0
2024-03-01,2024,3,Дніпропетровська,Усього,19662.0
2024-03-01,2024,3,Запорізька,Усього,16903.0
2024-03-01,2024,3,Донецька,Усього,19458.0
2024-03-01,2024,3,Україна,Діяльність у сфері адміністративного та допоміжного обслуговування,15925.0
2024-03-01,2024,3,Україна,Освіта,12664.0
2024-03-01,2024,3,Київська,Усього,18759.0
2024-03-01,2024,3,Україна,Операції з нерухомим майном,17646.0
2024-03-01,2024,3,Україна,Усього,18935.0
2024-03-01,2024,3,Україна,"Професійна, наукова та технічна діяльність",25976.0
2024-03-01,2024,3,Україна,Надання інших видів послуг,22750.0
2024-03-01,2024,3,Україна,"Мистецтво, спорт, розваги та відпочинок",13678.0
2024-03-01,2024,3,Україна,Охорона здоров'я та надання соціальної допомоги,15216.0
2024-03-01,2024,3,Івано-Франківська,Усього,14988.0
2024-03-01,2024,3,Україна,Державне управління й оборона; обов'язкове соціальне страхування,23424.0
2024-03-01,2024,3,Львівська,Усього,17102.0
2024-03-01,2024,3,Київ,Усього,29681.0
2024-03-01,2024,3,Одеська,Усього,15557.0
2024-03-01,2024,3,Харківська,Усього,16020.0
2024-03-01,2024,3,Полтавська,Усього,16858.0
2024-04-01,2024,4,Україна,Складське господарство та допоміжна діяльність у сфері транспорту,21583.0
2024-04-01,2024,4,Україна,Авіаційний транспорт,37380.0
2024-04-01,2024,4,Україна,Наземний і трубопровідний транспорт,17219.0
2024-04-01,2024,4,Україна,"Діяльність у сфері творчості, мистецтва та розваг",11664.0
2024-04-01,2024,4,Україна,Добування кам'яного та бурого вугілля,28679.0
2024-04-01,2024,4,Україна,Виробництво електричного устатковання,18176.0
2024-04-01,2024,4,Україна,Виробництво основних фармацевтичних продуктів і фармацевтичних препаратів,40171.0
2024-04-01,2024,4,Україна,Сільське господарство та надання пов'язаних із ними послуг,15155.0
2024-04-01,2024,4,Україна,Виробництво коксу та продуктів нафтоперероблення,20898.0
2024-04-01,2024,4,Україна,"Сільське господарство, лісове господарство та рибне господарство",15611.0
2024-04-01,2024,4,Україна,Виробництво хімічних речовин і хімічної продукції,16782.0
2024-04-01,2024,4,Україна,"Функціювання бібліотек, архівів, музеїв та інших закладів культури",11310.0
2024-04-01,2024,4,Україна,Водний транспорт,26258.0
2024-04-01,2024,4,Україна,"Виробництво комп'ютерів, електронної та оптичної продукції",30143.0
2024-04-01,2024,4,Україна,Поштова та кур'єрська діяльність,14661.0
2024-04-01,2024,4,Україна,Наукові дослідження та розробки,19528.0
2024-04-01,2024,4,Україна,Охорона здоров'я,15775.0
2024-04-01,2024,4,Україна,"Виробництво машин і устатковання, н.в.і.у.",16985.0
2024-04-01,2024,4,Україна,Тимчасове розміщування й організація харчування,14916.0
2024-04-01,2024,4,Україна,"Виробництво автотранспортних засобів, причепів і напівпричепів та інших транспортних засобів",22281.0
2024-04-01,2024,4,Україна,Переробна промисловість,19747.0
2024-04-01,2024,4,Україна,"Текстильне виробництво, виробництво одягу, шкіри, виробів зі шкіри та інших матеріалів",13154.0
2024-04-01,2024,4,Україна,Добувна промисловість і розроблення кар'єрів,25823.0
2024-04-01,2024,4,Україна,Фінансова та страхова діяльність,39093.0
2024-04-01,2024,4,Україна,"Виробництво харчових продуктів, напоїв і тютюнових виробів",18912.0
2024-04-01,2024,4,Україна,"Постачання електроенергії, газу, пари та кондиційованого повітря",26443.0
2024-04-01,2024,4,Україна,Промисловість,21177.0
2024-04-01,2024,4,Україна,"Виробництво гумових і пластмасових виробів, іншої неметалевої мінеральної продукції",17693.0
2024-04-01,2024,4,Україна,"Металургійне виробництво, виробництво готових металевих виробів, крім машин і устатковання",22530.0
2024-04-01,2024,4,Україна,Будівництво,14856.0
2024-04-01,2024,4,Україна,Оптова та роздрібна торгівля; ремонт автотранспортних засобів і мотоциклів,23198.0
2024-04-01,2024,4,Україна,"Виробництво меблів, іншої продукції; ремонт і монтаж машин і устатковання",18774.0
2024-04-01,2024,4,Україна,"Водопостачання; каналізація, поводження з відходами",15773.0
2024-04-01,2024,4,Україна,"Транспорт, складське господарство, поштова та кур'єрська діяльність",19375.0
2024-04-01,2024,4,Україна,Інформація та телекомунікації,49774.0
2024-04-01,2024,4,Україна,"Виготовлення виробів з деревини, паперу та  поліграфічна діяльність",17337.0
2024-04-01,2024,4,Дніпропетровська,Усього,20102.0
2024-04-01,2024,4,Запорізька,Усього,17464.0
2024-04-01,2024,4,Донецька,Усього,19895.0
2024-04-01,2024,4,Україна,Діяльність у сфері адміністративного та допоміжного обслуговування,16216.0
2024-04-01,2024,4,Україна,Освіта,12870.0
2024-04-01,2024,4,Київська,Усього,19264.0
2024-04-01,2024,4,Україна,Операції з нерухомим майном,18087.0
2024-04-01,2024,4,Україна,Усього,19378.0
2024-04-01,2024,4,Україна,"Професійна, наукова та технічна діяльність",26532.0
2024-04-01,2024,4,Україна,Надання інших видів послуг,22936.0
2024-04-01,2024,4,Україна,"Мистецтво, спорт, розваги та відпочинок",13887.0
2024-04-01,2024,4,Україна,Охорона здоров'я та надання соціальної допомоги,15501.0
2024-04-01,2024,4,Івано-Франківська,Усього,15304.0
2024-04-01,2024,4,Україна,Державне управління й оборона; обов'язкове соціальне страхування,24003.0
2024-04-01,2024,4,Львівська,Усього,17487.0
2024-04-01,2024,4,Київ,Усього,30287.0
2024-04-01,2024,4,Одеська,Усього,15867.0
2024-04-01,2024,4,Харківська,Усього,16280.0
2024-04-01,2024,4,Полтавська,Усього,17151.0
2024-05-01,2024,5,Україна,Складське господарство та допоміжна діяльність у сфері транспорту,21845.0
2024-05-01,2024,5,Україна,Авіаційний транспорт,38138.0
2024-05-01,2024,5,Україна,Наземний і трубопровідний транспорт,17465.0
2024-05-01,2024,5,Україна,"Діяльність у сфері творчості, мистецтва та розваг",11835.0
2024-05-01,2024,5,Україна,Добування кам'яного та бурого вугілля,28575.0
2024-05-01,2024,5,Україна,Виробництво електричного устатковання,18545.0
2024-05-01,2024,5,Україна,Виробництво основних фармацевтичних продуктів і фармацевтичних препаратів,40092.0
2024-05-01,2024,5,Україна,Сільське господарство та надання пов'язаних із ними послуг,15703.0
2024-05-01,2024,5,Україна,Виробництво коксу та продуктів нафтоперероблення,21407.0
2024-05-01,2024,5,Україна,"Сільське господарство, лісове господарство та рибне господарство",16120.0
2024-05-01,2024,5,Україна,Виробництво хімічних речовин і хімічної продукції,17528.0
2024-05-01,2024,5,Україна,"Функціювання бібліотек, архівів, музеїв та інших закладів культури",11611.0
2024-05-01,2024,5,Україна,Водний транспорт,26284.0
2024-05-01,2024,5,Україна,"Виробництво комп'ютерів, електронної та оптичної продукції",30375.0
2024-05-01,2024,5,Україна,Поштова та кур'єрська діяльність,15304.0
2024-05-01,2024,5,Україна,Наукові дослідження та розробки,20016.0
2024-05-01,2024,5,Україна,Охорона здоров'я,16026.0
2024-05-01,2024,5,Україна,"Виробництво машин і устатковання, н.в.і.у.",17526.0
2024-05-01,2024,5,Україна,Тимчасове розміщування й організація харчування,15025.0
2024-05-01,2024,5,Україна,"Виробництво автотранспортних засобів, причепів і напівпричепів та інших транспортних засобів",22632.0
2024-05-01,2024,5,Україна,Переробна промисловість,20089.0
2024-05-01,2024,5,Україна,"Текстильне виробництво, виробництво одягу, шкіри, виробів зі шкіри та інших матеріалів",13323.0
2024-05-01,2024,5,Україна,Добувна промисловість і розроблення кар'єрів,25880.0
2024-05-01,2024,5,Україна,Фінансова та страхова діяльність,39208.0
2024-05-01,2024,5,Україна,"Виробництво харчових продуктів, напоїв і тютюнових виробів",19182.0
2024-05-01,2024,5,Україна,"Постачання електроенергії, газу, пари та кондиційованого повітря",26349.0
2024-05-01,2024,5,Україна,Промисловість,21399.0
2024-05-01,2024,5,Україна,"Виробництво гумових і пластмасових виробів, іншої неметалевої мінеральної продукції",18237.0
2024-05-01,2024,5,Україна,"Металургійне виробництво, виробництво готових металевих виробів, крім машин і устатковання",22929.0
2024-05-01,2024,5,Україна,Будівництво,15103.0
2024-05-01,2024,5,Україна,Оптова та роздрібна торгівля; ремонт автотранспортних засобів і мотоциклів,23400.0
2024-05-01,2024,5,Україна,"Виробництво меблів, іншої продукції; ремонт і монтаж машин і устатковання",19030.0
2024-05-01,2024,5,Україна,"Водопостачання; каналізація, поводження з відходами",15906.0
2024-05-01,2024,5,Україна,"Транспорт, складське господарство, поштова та кур'єрська діяльність",19674.0
2024-05-01,2024,5,Україна,Інформація та телекомунікації,49667.0
2024-05-01,2024,5,Україна,"Виготовлення виробів з деревини, паперу та  поліграфічна діяльність",17568.0
2024-05-01,2024,5,Дніпропетровська,Усього,20319.0
2024-05-01,2024,5,Запорізька,Усього,17769.0
2024-05-01,2024,5,Донецька,Усього,20217.0
2024-05-01,2024,5,Україна,Діяльність у сфері адміністративного та допоміжного обслуговування,16378.0
2024-05-01,2024,5,Україна,Освіта,13134.0
2024-05-01,2024,5,Київська,Усього,19580.0
2024-05-01,2024,5,Україна,Операції з нерухомим майном,18366.0
2024-05-01,2024,5,Україна,Усього,19654.0
2024-05-01,2024,5,Україна,"Професійна, наукова та технічна діяльність",26711.0
2024-05-01,2024,5,Україна,Надання інших видів послуг,24027.0
2024-05-01,2024,5,Україна,"Мистецтво, спорт, розваги та відпочинок",14075.0
2024-05-01,2024,5,Україна,Охорона здоров'я та надання соціальної допомоги,15749.0
2024-05-01,2024,5,Івано-Франківська,Усього,15560.0
2024-05-01,2024,5,Україна,Державне управління й оборона; обов'язкове соціальне страхування,24717.0
2024-05-01,2024,5,Львівська,Усього,17737.0
2024-05-01,2024,5,Київ,Усього,30501.0
2024-05-01,2024,5,Одеська,Усього,16176.0
2024-05-01,2024,5,Харківська,Усього,16565.0
2024-05-01,2024,5,Полтавська,Усього,17366.0
2024-06-01,2024,6,Україна,Складське господарство та допоміжна діяльність у сфері транспорту,22166.0
2024-06-01,2024,6,Україна,Авіаційний транспорт,38871.0
2024-06-01,2024,6,Україна,Наземний і трубопровідний транспорт,17706.0
2024-06-01,2024,6,Україна,"Діяльність у сфері творчості, мистецтва та розваг",12137.0
2024-06-01,2024,6,Україна,Добування кам'яного та бурого вугілля,28390.0
2024-06-01,2024,6,Україна,Виробництво електричного устатковання,18778.0
2024-06-01,2024,6,Україна,Виробництво основних фармацевтичних продуктів і фармацевтичних препаратів,39640.0
2024-06-01,2024,6,Україна,Сільське господарство та надання пов'язаних із ними послуг,15911.0
2024-06-01,2024,6,Україна,Виробництво коксу та продуктів нафтоперероблення,21831.0
2024-06-01,2024,6,Україна,"Сільське господарство, лісове господарство та рибне господарство",16335.0
2024-06-01,2024,6,Україна,Виробництво хімічних речовин і хімічної продукції,17601.0
2024-06-01,2024,6,Україна,"Функціювання бібліотек, архівів, музеїв та інших закладів культури",11915.0
2024-06-01,2024,6,Україна,Водний транспорт,25986.0
2024-06-01,2024,6,Україна,"Виробництво комп'ютерів, електронної та оптичної продукції",30763.0
2024-06-01,2024,6,Україна,Поштова та кур'єрська діяльність,15579.0
2024-06-01,2024,6,Україна,Наукові дослідження та розробки,20372.0
2024-06-01,2024,6,Україна,Охорона здоров'я,16276.0
2024-06-01,2024,6,Україна,"Виробництво машин і устатковання, н.в.і.у.",17878.0
2024-06-01,2024,6,Україна,Тимчасове розміщування й організація харчування,15124.0
2024-06-01,2024,6,Україна,"Виробництво автотранспортних засобів, причепів і напівпричепів та інших транспортних засобів",22980.0
2024-06-01,2024,6,Україна,Переробна промисловість,20332.0
2024-06-01,2024,6,Україна,"Текстильне виробництво, виробництво одягу, шкіри, виробів зі шкіри та інших матеріалів",13442.0
2024-06-01,2024,6,Україна,Добувна промисловість і розроблення кар'єрів,25929.0
2024-06-01,2024,6,Україна,Фінансова та страхова діяльність,39337.0
2024-06-01,2024,6,Україна,"Виробництво харчових продуктів, напоїв і тютюнових виробів",19317.0
2024-06-01,2024,6,Україна,"Постачання електроенергії, газу, пари та кондиційованого повітря",26259.0
2024-06-01,2024,6,Україна,Промисловість,21552.0
2024-06-01,2024,6,Україна,"Виробництво гумових і пластмасових виробів, іншої неметалевої мінеральної продукції",18507.0
2024-06-01,2024,6,Україна,"Металургійне виробництво, виробництво готових металевих виробів, крім машин і устатковання",23442.0
2024-06-01,2024,6,Україна,Будівництво,15384.0
2024-06-01,2024,6,Україна,Оптова та роздрібна торгівля; ремонт автотранспортних засобів і мотоциклів,23480.0
2024-06-01,2024,6,Україна,"Виробництво меблів, іншої продукції; ремонт і монтаж машин і устатковання",19285.0
2024-06-01,2024,6,Україна,"Водопостачання; каналізація, поводження з відходами",15981.0
2024-06-01,2024,6,Україна,"Транспорт, складське господарство, поштова та кур'єрська діяльність",19964.0
2024-06-01,2024,6,Україна,Інформація та телекомунікації,49829.0
2024-06-01,2024,6,Україна,"Виготовлення виробів з деревини, паперу та  поліграфічна діяльність",17790.0
2024-06-01,2024,6,Дніпропетровська,Усього,20566.0
2024-06-01,2024,6,Запорізька,Усього,18025.0
2024-06-01,2024,6,Донецька,Усього,20500.0
2024-06-01,2024,6,Україна,Діяльність у сфері адміністративного та допоміжного обслуговування,16519.0
2024-06-01,2024,6,Україна,Освіта,13835.0
2024-06-01,2024,6,Київська,Усього,19916.0
2024-06-01,2024,6,Україна,Операції з нерухомим майном,18444.0
2024-06-01,2024,6,Україна,Усього,19965.0
2024-06-01,2024,6,Україна,"Професійна, наукова та технічна діяльність",27015.0
2024-06-01,2024,6,Україна,Надання інших видів послуг,24095.0
2024-06-01,2024,6,Україна,"Мистецтво, спорт, розваги та відпочинок",14397.0
2024-06-01,2024,6,Україна,Охорона здоров'я та надання соціальної допомоги,15997.0
2024-06-01,2024,6,Івано-Франківська,Усього,16003.0
2024-06-01,2024,6,Україна,Державне управління й оборона; обов'язкове соціальне страхування,25370.0
2024-06-01,2024,6,Львівська,Усього,18038.0
2024-06-01,2024,6,Київ,Усього,30756.0
2024-06-01,2024,6,Одеська,Усього,16540.0
2024-06-01,2024,6,Харківська,Усього,16873.0
2024-06-01,2024,6,Полтавська,Усього,17638.0
2024-07-01,2024,7,Україна,Складське господарство та допоміжна діяльність у сфері транспорту,22512.0
2024-07-01,2024,7,Україна,Авіаційний транспорт,39818.0
2024-07-01,2024,7,Україна,Наземний і трубопровідний транспорт,18025.0
2024-07-01,2024,7,Україна,"Діяльність у сфері творчості, мистецтва та розваг",12275.0
2024-07-01,2024,7,Україна,Добування кам'яного та бурого вугілля,28287.0
2024-07-01,2024,7,Україна,Виробництво електричного устатковання,19040.0
2024-07-01,2024,7,Україна,Виробництво основних фармацевтичних продуктів і фармацевтичних препаратів,39962.0
2024-07-01,2024,7,Україна,Сільське господарство та надання пов'язаних із ними послуг,16272.0
2024-07-01,2024,7,Україна,Виробництво коксу та продуктів нафтоперероблення,22337.0
2024-07-01,2024,7,Україна,"Сільське господарство, лісове господарство та рибне господарство",16680.0
2024-07-01,2024,7,Україна,Виробництво хімічних речовин і хімічної продукції,17777.0
2024-07-01,2024,7,Україна,"Функціювання бібліотек, архівів, музеїв та інших закладів культури",12149.0
2024-07-01,2024,7,Україна,Водний транспорт,26335.0
2024-07-01,2024,7,Україна,"Виробництво комп'ютерів, електронної та оптичної продукції",31136.0
2024-07-01,2024,7,Україна,Поштова та кур'єрська діяльність,15928.0
2024-07-01,2024,7,Україна,Наукові дослідження та розробки,20644.0
2024-07-01,2024,7,Україна,Охорона здоров'я,16645.0
2024-07-01,2024,7,Україна,"Виробництво машин і устатковання, н.в.і.у.",18212.0
2024-07-01,2024,7,Україна,Тимчасове розміщування й організація харчування,15296.0
2024-07-01,2024,7,Україна,"Виробництво автотранспортних засобів, причепів і напівпричепів та інших транспортних засобів",23378.0
2024-07-01,2024,7,Україна,Переробна промисловість,20617.0
2024-07-01,2024,7,Україна,"Текстильне виробництво, виробництво одягу, шкіри, виробів зі шкіри та інших матеріалів",13604.0
2024-07-01,2024,7,Україна,Добувна промисловість і розроблення кар'єрів,26056.0
2024-07-01,2024,7,Україна,Фінансова та страхова діяльність,39861.0
2024-07-01,2024,7,Україна,"Виробництво харчових продуктів, напоїв і тютюнових виробів",19505.0
2024-07-01,2024,7,Україна,"Постачання електроенергії, газу, пари та кондиційованого повітря",26324.0
2024-07-01,2024,7,Україна,Промисловість,21769.0
2024-07-01,2024,7,Україна,"Виробництво гумових і пластмасових виробів, іншої неметалевої мінеральної продукції",18800.0
2024-07-01,2024,7,Україна,"Металургійне виробництво, виробництво готових металевих виробів, крім машин і устатковання",23841.0
2024-07-01,2024,7,Україна,Будівництво,15600.0
2024-07-01,2024,7,Україна,Оптова та роздрібна торгівля; ремонт автотранспортних засобів і мотоциклів,23763.0
2024-07-01,2024,7,Україна,"Виробництво меблів, іншої продукції; ремонт і монтаж машин і устатковання",19547.0
2024-07-01,2024,7,Україна,"Водопостачання; каналізація, поводження з відходами",16120.0
2024-07-01,2024,7,Україна,"Транспорт, складське господарство, поштова та кур'єрська діяльність",20318.0
2024-07-01,2024,7,Україна,Інформація та телекомунікації,50233.0
2024-07-01,2024,7,Україна,"Виготовлення виробів з деревини, паперу та  поліграфічна діяльність",18112.0
2024-07-01,2024,7,Дніпропетровська,Усього,20784.0
2024-07-01,2024,7,Запорізька,Усього,18206.0
2024-07-01,2024,7,Донецька,Усього,20727.0
2024-07-01,2024,7,Україна,Діяльність у сфері адміністративного та допоміжного обслуговування,16709.0
2024-07-01,2024,7,Україна,Освіта,13872.0
2024-07-01,2024,7,Київська,Усього,20222.0
2024-07-01,2024,7,Україна,Операції з нерухомим майном,18636.0
2024-07-01,2024,7,Україна,Усього,20226.0
2024-07-01,2024,7,Україна,"Професійна, наукова та технічна діяльність",27167.0
2024-07-01,2024,7,Україна,Надання інших видів послуг,24184.0
2024-07-01,2024,7,Україна,"Мистецтво, спорт, розваги та відпочинок",14629.0
2024-07-01,2024,7,Україна,Охорона здоров'я та надання соціальної допомоги,16344.0
2024-07-01,2024,7,Івано-Франківська,Усього,16209.0
2024-07-01,2024,7,Україна,Державне управління й оборона; обов'язкове соціальне страхування,26029.0
2024-07-01,2024,7,Львівська,Усього,18308.0
2024-07-01,2024,7,Київ,Усього,31076.0
2024-07-01,2024,7,Одеська,Усього,16778.0
2024-07-01,2024,7,Харківська,Усього,17149.0
2024-07-01,2024,7,Полтавська,Усього,17877.0
2024-08-01,2024,8,Україна,Складське господарство та допоміжна діяльність у сфері транспорту,22748.0
2024-08-01,2024,8,Україна,Авіаційний транспорт,40293.0
2024-08-01,2024,8,Україна,Наземний і трубопровідний транспорт,18258.0
2024-08-01,2024,8,Україна,"Діяльність у сфері творчості, мистецтва та розваг",12304.0
2024-08-01,2024,8,Україна,Добування кам'яного та бурого вугілля,28531.0
2024-08-01,2024,8,Україна,Виробництво електричного устатковання,19236.0
2024-08-01,2024,8,Україна,Виробництво основних фармацевтичних продуктів і фармацевтичних препаратів,40390.0
2024-08-01,2024,8,Україна,Сільське господарство та надання пов'язаних із ними послуг,16424.0
2024-08-01,2024,8,Україна,Виробництво коксу та продуктів нафтоперероблення,22634.0
2024-08-01,2024,8,Україна,"Сільське господарство, лісове господарство та рибне господарство",16827.0
2024-08-01,2024,8,Україна,Виробництво хімічних речовин і хімічної продукції,17907.0
2024-08-01,2024,8,Україна,"Функціювання бібліотек, архівів, музеїв та інших закладів культури",12268.0
2024-08-01,2024,8,Україна,Водний транспорт,26273.0
2024-08-01,2024,8,Україна,"Виробництво комп'ютерів, електронної та оптичної продукції",31489.0
2024-08-01,2024,8,Україна,Поштова та кур'єрська діяльність,16116.0
2024-08-01,2024,8,Україна,Наукові дослідження та розробки,20837.0
2024-08-01,2024,8,Україна,Охорона здоров'я,16732.0
2024-08-01,2024,8,Україна,"Виробництво машин і устатковання, н.в.і.у.",18444.0
2024-08-01,2024,8,Україна,Тимчасове розміщування й організація харчування,15414.0
2024-08-01,2024,8,Україна,"Виробництво автотранспортних засобів, причепів і напівпричепів та інших транспортних засобів",23742.0
2024-08-01,2024,8,Україна,Переробна промисловість,20835.0
2024-08-01,2024,8,Україна,"Текстильне виробництво, виробництво одягу, шкіри, виробів зі шкіри та інших матеріалів",13762.0
2024-08-01,2024,8,Україна,Добувна промисловість і розроблення кар'єрів,26263.0
2024-08-01,2024,8,Україна,Фінансова та страхова діяльність,40011.0
2024-08-01,2024,8,Україна,"Виробництво харчових продуктів, напоїв і тютюнових виробів",19651.0
2024-08-01,2024,8,Україна,"Постачання електроенергії, газу, пари та кондиційованого повітря",26297.0
2024-08-01,2024,8,Україна,Промисловість,21935.0
2024-08-01,2024,8,Україна,"Виробництво гумових і пластмасових виробів, іншої неметалевої мінеральної продукції",19008.0
2024-08-01,2024,8,Україна,"Металургійне виробництво, виробництво готових металевих виробів, крім машин і устатковання",24085.0
2024-08-01,2024,8,Україна,Будівництво,15816.0
2024-08-01,2024,8,Україна,Оптова та роздрібна торгівля; ремонт автотранспортних засобів і мотоциклів,23961.0
2024-08-01,2024,8,Україна,"Виробництво меблів, іншої продукції; ремонт і монтаж машин і устатковання",19754.0
2024-08-01,2024,8,Україна,"Водопостачання; каналізація, поводження з відходами",16246.0
2024-08-01,2024,8,Україна,"Транспорт, складське господарство, поштова та кур'єрська діяльність",20560.0
2024-08-01,2024,8,Україна,Інформація та телекомунікації,50259.0
2024-08-01,2024,8,Україна,"Виготовлення виробів з деревини, паперу та  поліграфічна діяльність",18276.0
2024-08-01,2024,8,Дніпропетровська,Усього,21001.0
2024-08-01,2024,8,Запорізька,Усього,18311.0
2024-08-01,2024,8,Донецька,Усього,20969.0
2024-08-01,2024,8,Україна,Діяльність у сфері адміністративного та допоміжного обслуговування,16816.0
2024-08-01,2024,8,Україна,Освіта,13759.0
2024-08-01,2024,8,Київська,Усього,20328.0
2024-08-01,2024,8,Україна,Операції з нерухомим майном,18754.0
2024-08-01,2024,8,Україна,Усього,20371.0
2024-08-01,2024,8,Україна,"Професійна, наукова та технічна діяльність",27415.0
2024-08-01,2024,8,Україна,Надання інших видів послуг,24275.0
2024-08-01,2024,8,Україна,"Мистецтво, спорт, розваги та відпочинок",14728.0
2024-08-01,2024,8,Україна,Охорона здоров'я та надання соціальної допомоги,16437.0
2024-08-01,2024,8,Івано-Франківська,Усього,16319.0
2024-08-01,2024,8,Україна,Державне управління й оборона; обов'язкове соціальне страхування,26698.0
2024-08-01,2024,8,Львівська,Усього,18445.0
2024-08-01,2024,8,Київ,Усього,31240.0
2024-08-01,2024,8,Одеська,Усього,16915.0
2024-08-01,2024,8,Харківська,Усього,17303.0
2024-08-01,2024,8,Полтавська,Усього,18031.0
2024-09-01,2024,9,Україна,Складське господарство та допоміжна діяльність у сфері транспорту,22906.0
2024-09-01,2024,9,Україна,Авіаційний транспорт,40382.0
2024-09-01,2024,9,Україна,Наземний і трубопровідний транспорт,18396.0
2024-09-01,2024,9,Україна,"Діяльність у сфері творчості, мистецтва та розваг",12463.0
2024-09-01,2024,9,Україна,Добування кам'яного та бурого вугілля,28892.0
2024-09-01,2024,9,Україна,Виробництво електричного устатковання,19461.0
2024-09-01,2024,9,Україна,Виробництво основних фармацевтичних продуктів і фармацевтичних препаратів,40530.0
2024-09-01,2024,9,Україна,Сільське господарство та надання пов'язаних із ними послуг,16833.0
2024-09-01,2024,9,Україна,Виробництво коксу та продуктів нафтоперероблення,22824.0
2024-09-01,2024,9,Україна,"Сільське господарство, лісове господарство та рибне господарство",17246.0
2024-09-01,2024,9,Україна,Виробництво хімічних речовин і хімічної продукції,18047.0
2024-09-01,2024,9,Україна,"Функціювання бібліотек, архівів, музеїв та інших закладів культури",12493.0
2024-09-01,2024,9,Україна,Водний транспорт,26114.0
2024-09-01,2024,9,Україна,"Виробництво комп'ютерів, електронної та оптичної продукції",31900.0
2024-09-01,2024,9,Україна,Поштова та кур'єрська діяльність,16262.0
2024-09-01,2024,9,Україна,Наукові дослідження та розробки,21178.0
2024-09-01,2024,9,Україна,Охорона здоров'я,16791.0
2024-09-01,2024,9,Україна,"Виробництво машин і устатковання, н.в.і.у.",18822.0
2024-09-01,2024,9,Україна,Тимчасове розміщування й організація харчування,15463.0
2024-09-01,2024,9,Україна,"Виробництво автотранспортних засобів, причепів і напівпричепів та інших транспортних засобів",24045.0
2024-09-01,2024,9,Україна,Переробна промисловість,21242.0
2024-09-01,2024,9,Україна,"Текстильне виробництво, виробництво одягу, шкіри, виробів зі шкіри та інших матеріалів",13909.0
2024-09-01,2024,9,Україна,Добувна промисловість і розроблення кар'єрів,26699.0
2024-09-01,2024,9,Україна,Фінансова та страхова діяльність,40012.0
2024-09-01,2024,9,Україна,"Виробництво харчових продуктів, напоїв і тютюнових виробів",20390.0
2024-09-01,2024,9,Україна,"Постачання електроенергії, газу, пари та кондиційованого повітря",26393.0
2024-09-01,2024,9,Україна,Промисловість,22263.0
2024-09-01,2024,9,Україна,"Виробництво гумових і пластмасових виробів, іншої неметалевої мінеральної продукції",19396.0
2024-09-01,2024,9,Україна,"Металургійне виробництво, виробництво готових металевих виробів, крім машин і устатковання",24412.0
2024-09-01,2024,9,Україна,Будівництво,16083.0
2024-09-01,2024,9,Україна,Оптова та роздрібна торгівля; ремонт автотранспортних засобів і мотоциклів,24314.0
2024-09-01,2024,9,Україна,"Виробництво меблів, іншої продукції; ремонт і монтаж машин і устатковання",20028.0
2024-09-01,2024,9,Україна,"Водопостачання; каналізація, поводження з відходами",16329.0
2024-09-01,2024,9,Україна,"Транспорт, складське господарство, поштова та кур'єрська діяльність",20710.0
2024-09-01,2024,9,Україна,Інформація та телекомунікації,50757.0
2024-09-01,2024,9,Україна,"Виготовлення виробів з деревини, паперу та  поліграфічна діяльність",18474.0
2024-09-01,2024,9,Дніпропетровська,Усього,21334.0
2024-09-01,2024,9,Запорізька,Усього,18434.0
2024-09-01,2024,9,Донецька,Усього,21142.0
2024-09-01,2024,9,Україна,Діяльність у сфері адміністративного та допоміжного обслуговування,16928.0
2024-09-01,2024,9,Україна,Освіта,13959.0
2024-09-01,2024,9,Київська,Усього,20685.0
2024-09-01,2024,9,Україна,Операції з нерухомим майном,19103.0
2024-09-01,2024,9,Україна,Усього,20628.0
2024-09-01,2024,9,Україна,"Професійна, наукова та технічна діяльність",27912.0
2024-09-01,2024,9,Україна,Надання інших видів послуг,24369.0
2024-09-01,2024,9,Україна,"Мистецтво, спорт, розваги та відпочинок",15189.0
2024-09-01,2024,9,Україна,Охорона здоров'я та надання соціальної допомоги,16500.0
2024-09-01,2024,9,Івано-Франківська,Усього,16502.0
2024-09-01,2024,9,Україна,Державне управління й оборона; обов'язкове соціальне страхування,26934.0
2024-09-01,2024,9,Львівська,Усього,18681.0
2024-09-01,2024,9,Київ,Усього,31604.0
2024-09-01,2024,9,Одеська,Усього,17080.0
2024-09-01,2024,9,Харківська,Усього,17571.0
2024-09-01,2024,9,Полтавська,Усього,18328.0
2024-10-01,2024,10,Україна,Складське господарство та допоміжна діяльність у сфері транспорту,23152.0
2024-10-01,2024,10,Україна,Авіаційний транспорт,40960.0
2024-10-01,2024,10,Україна,Наземний і трубопровідний транспорт,18643.0
2024-10-01,2024,10,Україна,"Діяльність у сфері творчості, мистецтва та розваг",12601.0
2024-10-01,2024,10,Україна,Добування кам'яного та бурого вугілля,29127.0
2024-10-01,2024,10,Україна,Виробництво електричного устатковання,19674.0
2024-10-01,2024,10,Україна,Виробництво основних фармацевтичних продуктів і фармацевтичних препаратів,40651.0
2024-10-01,2024,10,Україна,Сільське господарство та надання пов'язаних із ними послуг,17080.0
2024-10-01,2024,10,Україна,Виробництво коксу та продуктів нафтоперероблення,23060.0
2024-10-01,2024,10,Україна,"Сільське господарство, лісове господарство та рибне господарство",17490.0
2024-10-01,2024,10,Україна,Виробництво хімічних речовин і хімічної продукції,18214.0
2024-10-01,2024,10,Україна,"Функціювання бібліотек, архівів, музеїв та інших закладів культури",12617.0
2024-10-01,2024,10,Україна,Водний транспорт,25985.0
2024-10-01,2024,10,Україна,"Виробництво комп'ютерів, електронної та оптичної продукції",32391.0
2024-10-01,2024,10,Україна,Поштова та кур'єрська діяльність,16530.0
2024-10-01,2024,10,Україна,Наукові дослідження та розробки,21431.0
2024-10-01,2024,10,Україна,Охорона здоров'я,16832.0
2024-10-01,2024,10,Україна,"Виробництво машин і устатковання, н.в.і.у.",19046.0
2024-10-01,2024,10,Україна,Тимчасове розміщування й організація харчування,15569.0
2024-10-01,2024,10,Україна,"Виробництво автотранспортних засобів, причепів і напівпричепів та інших транспортних засобів",24395.0
2024-10-01,2024,10,Україна,Переробна промисловість,21515.0
2024-10-01,2024,10,Україна,"Текстильне виробництво, виробництво одягу, шкіри, виробів зі шкіри та інших матеріалів",14114.0
2024-10-01,2024,10,Україна,Добувна промисловість і розроблення кар'єрів,26871.0
2024-10-01,2024,10,Україна,Фінансова та страхова діяльність,40273.0
2024-10-01,2024,10,Україна,"Виробництво харчових продуктів, напоїв і тютюнових виробів",20655.0
2024-10-01,2024,10,Україна,"Постачання електроенергії, газу, пари та кондиційованого повітря",26492.0
2024-10-01,2024,10,Україна,Промисловість,22482.0
2024-10-01,2024,10,Україна,"Виробництво гумових і пластмасових виробів, іншої неметалевої мінеральної продукції",19659.0
2024-10-01,2024,10,Україна,"Металургійне виробництво, виробництво готових металевих виробів, крім машин і устатковання",24749.0
2024-10-01,2024,10,Україна,Будівництво,16307.0
2024-10-01,2024,10,Україна,Оптова та роздрібна торгівля; ремонт автотранспортних засобів і мотоциклів,24600.0
2024-10-01,2024,10,Україна,"Виробництво меблів, іншої продукції; ремонт і монтаж машин і устатковання",20286.0
2024-10-01,2024,10,Україна,"Водопостачання; каналізація, поводження з відходами",16446.0
2024-10-01,2024,10,Україна,"Транспорт, складське господарство, поштова та кур'єрська діяльність",20972.0
2024-10-01,2024,10,Україна,Інформація та телекомунікації,51060.0
2024-10-01,2024,10,Україна,"Виготовлення виробів з деревини, паперу та  поліграфічна діяльність",18700.0
2024-10-01,2024,10,Дніпропетровська,Усього,21622.0
2024-10-01,2024,10,Запорізька,Усього,18739.0
2024-10-01,2024,10,Донецька,Усього,21291.0
2024-10-01,2024,10,Україна,Діяльність у сфері адміністративного та допоміжного обслуговування,17078.0
2024-10-01,2024,10,Україна,Освіта,14049.0
2024-10-01,2024,10,Київська,Усього,20915.0
2024-10-01,2024,10,Україна,Операції з нерухомим майном,19195.0
2024-10-01,2024,10,Україна,Усього,20821.0
2024-10-01,2024,10,Україна,"Професійна, наукова та технічна діяльність",28058.0
2024-10-01,2024,10,Україна,Надання інших видів послуг,24466.0
2024-10-01,2024,10,Україна,"Мистецтво, спорт, розваги та відпочинок",15372.0
2024-10-01,2024,10,Україна,Охорона здоров'я та надання соціальної допомоги,16556.0
2024-10-01,2024,10,Івано-Франківська,Усього,16627.0
2024-10-01,2024,10,Україна,Державне управління й оборона; обов'язкове соціальне страхування,27281.0
2024-10-01,2024,10,Львівська,Усього,18863.0
2024-10-01,2024,10,Київ,Усього,31796.0
2024-10-01,2024,10,Одеська,Усього,17254.0
2024-10-01,2024,10,Харківська,Усього,17769.0
2024-10-01,2024,10,Полтавська,Усього,18502.0
2024-11-01,2024,11,Україна,Складське господарство та допоміжна діяльність у сфері транспорту,23296.0
2024-11-01,2024,11,Україна,Авіаційний транспорт,41267.0
2024-11-01,2024,11,Україна,Наземний і трубопровідний транспорт,18795.0
2024-11-01,2024,11,Україна,"Діяльність у сфері творчості, мистецтва та розваг",12774.0
2024-11-01,2024,11,Україна,Добування кам'яного та бурого вугілля,29316.0
2024-11-01,2024,11,Україна,Виробництво електричного устатковання,20029.0
2024-11-01,2024,11,Україна,Виробництво основних фармацевтичних продуктів і фармацевтичних препаратів,40805.0
2024-11-01,2024,11,Україна,Сільське господарство та надання пов'язаних із ними послуг,17349.0
2024-11-01,2024,11,Україна,Виробництво коксу та продуктів нафтоперероблення,23278.0
2024-11-01,2024,11,Україна,"Сільське господарство, лісове господарство та рибне господарство",17739.0
2024-11-01,2024,11,Україна,Виробництво хімічних речовин і хімічної продукції,18426.0
2024-11-01,2024,11,Україна,"Функціювання бібліотек, архівів, музеїв та інших закладів культури",12762.0
2024-11-01,2024,11,Україна,Водний транспорт,25793.0
2024-11-01,2024,11,Україна,"Виробництво комп'ютерів, електронної та оптичної продукції",32819.0
2024-11-01,2024,11,Україна,Поштова та кур'єрська діяльність,16674.0
2024-11-01,2024,11,Україна,Наукові дослідження та розробки,21730.0
2024-11-01,2024,11,Україна,Охорона здоров'я,16864.0
2024-11-01,2024,11,Україна,"Виробництво машин і устатковання, н.в.і.у.",19306.0
2024-11-01,2024,11,Україна,Тимчасове розміщування й організація харчування,15626.0
2024-11-01,2024,11,Україна,"Виробництво автотранспортних засобів, причепів і напівпричепів та інших транспортних засобів",24793.0
2024-11-01,2024,11,Україна,Переробна промисловість,21796.0
2024-11-01,2024,11,Україна,"Текстильне виробництво, виробництво одягу, шкіри, виробів зі шкіри та інших матеріалів",14274.0
2024-11-01,2024,11,Україна,Добувна промисловість і розроблення кар'єрів,26949.0
2024-11-01,2024,11,Україна,Фінансова та страхова діяльність,40386.0
2024-11-01,2024,11,Україна,"Виробництво харчових продуктів, напоїв і тютюнових виробів",20918.0
2024-11-01,2024,11,Україна,"Постачання електроенергії, газу, пари та кондиційованого повітря",26808.0
2024-11-01,2024,11,Україна,Промисловість,22735.0
2024-11-01,2024,11,Україна,"Виробництво гумових і пластмасових виробів, іншої неметалевої мінеральної продукції",19841.0
2024-11-01,2024,11,Україна,"Металургійне виробництво, виробництво готових металевих виробів, крім машин і устатковання",25075.0
2024-11-01,2024,11,Україна,Будівництво,16573.0
2024-11-01,2024,11,Україна,Оптова та роздрібна торгівля; ремонт автотранспортних засобів і мотоциклів,24906.0
2024-11-01,2024,11,Україна,"Виробництво меблів, іншої продукції; ремонт і монтаж машин і устатковання",20577.0
2024-11-01,2024,11,Україна,"Водопостачання; каналізація, поводження з відходами",16542.0
2024-11-01,2024,11,Україна,"Транспорт, складське господарство, поштова та кур'єрська діяльність",21125.0
2024-11-01,2024,11,Україна,Інформація та телекомунікації,51425.0
2024-11-01,2024,11,Україна,"Виготовлення виробів з деревини, паперу та  поліграфічна діяльність",18975.0
2024-11-01,2024,11,Дніпропетровська,Усього,21880.0
2024-11-01,2024,11,Запорізька,Усього,18897.0
2024-11-01,2024,11,Донецька,Усього,21424.0
2024-11-01,2024,11,Україна,Діяльність у сфері адміністративного та допоміжного обслуговування,17194.0
2024-11-01,2024,11,Україна,Освіта,14165.0
2024-11-01,2024,11,Київська,Усього,21073.0
2024-11-01,2024,11,Україна,Операції з нерухомим майном,19333.0
2024-11-01,2024,11,Україна,Усього,21016.0
2024-11-01,2024,11,Україна,"Професійна, наукова та технічна діяльність",28215.0
2024-11-01,2024,11,Україна,Надання інших видів послуг,24654.0
2024-11-01,2024,11,Україна,"Мистецтво, спорт, розваги та відпочинок",15530.0
2024-11-01,2024,11,Україна,Охорона здоров'я та надання соціальної допомоги,16595.0
2024-11-01,2024,11,Івано-Франківська,Усього,16739.0
2024-11-01,2024,11,Україна,Державне управління й оборона; обов'язкове соціальне страхування,27610.0
2024-11-01,2024,11,Львівська,Усього,19017.0
2024-11-01,2024,11,Київ,Усього,32031.0
2024-11-01,2024,11,Одеська,Усього,17450.0
2024-11-01,2024,11,Харківська,Усього,17952.0
2024-11-01,2024,11,Полтавська,Усього,18669.0
2024-12-01,2024,12,Україна,Складське господарство та допоміжна діяльність у сфері транспорту,23714.0
2024-12-01,2024,12,Україна,Авіаційний транспорт,43416.0
2024-12-01,2024,12,Україна,Наземний і трубопровідний транспорт,19323.0
2024-12-01,2024,12,Україна,"Діяльність у сфері творчості, мистецтва та розваг",13136.0
2024-12-01,2024,12,Україна,Добування кам'яного та бурого вугілля,29723.0
2024-12-01,2024,12,Україна,Виробництво електричного устатковання,20443.0
2024-12-01,2024,12,Україна,Виробництво основних фармацевтичних продуктів і фармацевтичних препаратів,40928.0
2024-12-01,2024,12,Україна,Сільське господарство та надання пов'язаних із ними послуг,17710.0
2024-12-01,2024,12,Україна,Виробництво коксу та продуктів нафтоперероблення,23621.0
2024-12-01,2024,12,Україна,"Сільське господарство, лісове господарство та рибне господарство",18088.0
2024-12-01,2024,12,Україна,Виробництво хімічних речовин і хімічної продукції,18791.0
2024-12-01,2024,12,Україна,"Функціювання бібліотек, архівів, музеїв та інших закладів культури",13140.0
2024-12-01,2024,12,Україна,Водний транспорт,25768.0
2024-12-01,2024,12,Україна,"Виробництво комп'ютерів, електронної та оптичної продукції",33799.0
2024-12-01,2024,12,Україна,Поштова та кур'єрська діяльність,16901.0
2024-12-01,2024,12,Україна,Наукові дослідження та розробки,22443.0
2024-12-01,2024,12,Україна,Охорона здоров'я,17124.0
2024-12-01,2024,12,Україна,"Виробництво машин і устатковання, н.в.і.у.",20000.0
2024-12-01,2024,12,Україна,Тимчасове розміщування й організація харчування,15835.0
2024-12-01,2024,12,Україна,"Виробництво автотранспортних засобів, причепів і напівпричепів та інших транспортних засобів",25361.0
2024-12-01,2024,12,Україна,Переробна промисловість,22258.0
2024-12-01,2024,12,Україна,"Текстильне виробництво, виробництво одягу, шкіри, виробів зі шкіри та інших матеріалів",14455.0
2024-12-01,2024,12,Україна,Добувна промисловість і розроблення кар'єрів,27202.0
2024-12-01,2024,12,Україна,Фінансова та страхова діяльність,41204.0
2024-12-01,2024,12,Україна,"Виробництво харчових продуктів, напоїв і тютюнових виробів",21347.0
2024-12-01,2024,12,Україна,"Постачання електроенергії, газу, пари та кондиційованого повітря",27721.0
2024-12-01,2024,12,Україна,Промисловість,23241.0
2024-12-01,2024,12,Україна,"Виробництво гумових і пластмасових виробів, іншої неметалевої мінеральної продукції",20195.0
2024-12-01,2024,12,Україна,"Металургійне виробництво, виробництво готових металевих виробів, крім машин і устатковання",25667.0
2024-12-01,2024,12,Україна,Будівництво,16974.0
2024-12-01,2024,12,Україна,Оптова та роздрібна торгівля; ремонт автотранспортних засобів і мотоциклів,25273.0
2024-12-01,2024,12,Україна,"Виробництво меблів, іншої продукції; ремонт і монтаж машин і устатковання",21073.0
2024-12-01,2024,12,Україна,"Водопостачання; каналізація, поводження з відходами",16818.0
2024-12-01,2024,12,Україна,"Транспорт, складське господарство, поштова та кур'єрська діяльність",21633.0
2024-12-01,2024,12,Україна,Інформація та телекомунікації,52477.0
2024-12-01,2024,12,Україна,"Виготовлення виробів з деревини, паперу та  поліграфічна діяльність",19313.0
2024-12-01,2024,12,Дніпропетровська,Усього,22233.0
2024-12-01,2024,12,Запорізька,Усього,19257.0
2024-12-01,2024,12,Донецька,Усього,21801.0
2024-12-01,2024,12,Україна,Діяльність у сфері адміністративного та допоміжного обслуговування,17536.0
2024-12-01,2024,12,Україна,Освіта,14584.0
2024-12-01,2024,12,Київська,Усього,21597.0
2024-12-01,2024,12,Україна,Операції з нерухомим майном,19667.0
2024-12-01,2024,12,Україна,Усього,21522.0
2024-12-01,2024,12,Україна,"Професійна, наукова та технічна діяльність",28974.0
2024-12-01,2024,12,Україна,Надання інших видів послуг,25433.0
2024-12-01,2024,12,Україна,"Мистецтво, спорт, розваги та відпочинок",15889.0
2024-12-01,2024,12,Україна,Охорона здоров'я та надання соціальної допомоги,16859.0
2024-12-01,2024,12,Івано-Франківська,Усього,17069.0
2024-12-01,2024,12,Україна,Державне управління й оборона; обов'язкове соціальне страхування,29123.0
2024-12-01,2024,12,Львівська,Усього,19410.0
2024-12-01,2024,12,Київ,Усього,32799.0
2024-12-01,2024,12,Одеська,Усього,18025.0
2024-12-01,2024,12,Харківська,Усього,18446.0
2024-12-01,2024,12,Полтавська,Усього,19054.0
2025-01-01,2025,1,Україна,Складське господарство та допоміжна діяльність у сфері транспорту,26373.0
2025-01-01,2025,1,Україна,Авіаційний транспорт,52433.0
2025-01-01,2025,1,Україна,Наземний і трубопровідний транспорт,20961.0
2025-01-01,2025,1,Україна,"Діяльність у сфері творчості, мистецтва та розваг",12580.0
2025-01-01,2025,1,Україна,Добування кам'яного та бурого вугілля,32038.0
2025-01-01,2025,1,Україна,Виробництво електричного устатковання,22721.0
2025-01-01,2025,1,Україна,Виробництво основних фармацевтичних продуктів і фармацевтичних препаратів,42768.0
2025-01-01,2025,1,Україна,Сільське господарство та надання пов'язаних із ними послуг,20733.0
2025-01-01,2025,1,Україна,Виробництво коксу та продуктів нафтоперероблення,27072.0
2025-01-01,2025,1,Україна,"Сільське господарство, лісове господарство та рибне господарство",20682.0
2025-01-01,2025,1,Україна,Виробництво хімічних речовин і хімічної продукції,25335.0
2025-01-01,2025,1,Україна,"Функціювання бібліотек, архівів, музеїв та інших закладів культури",11995.0
2025-01-01,2025,1,Україна,Водний транспорт,26137.0
2025-01-01,2025,1,Україна,"Виробництво комп'ютерів, електронної та оптичної продукції",36829.0
2025-01-01,2025,1,Україна,Поштова та кур'єрська діяльність,17768.0
2025-01-01,2025,1,Україна,Наукові дослідження та розробки,21835.0
2025-01-01,2025,1,Україна,Охорона здоров'я,16545.0
2025-01-01,2025,1,Україна,"Виробництво машин і устатковання, н.в.і.у.",22334.0
2025-01-01,2025,1,Україна,Тимчасове розміщування й організація харчування,16712.0
2025-01-01,2025,1,Україна,"Виробництво автотранспортних засобів, причепів і напівпричепів та інших транспортних засобів",29861.0
2025-01-01,2025,1,Україна,Переробна промисловість,25371.0
2025-01-01,2025,1,Україна,"Текстильне виробництво, виробництво одягу, шкіри, виробів зі шкіри та інших матеріалів",16126.0
2025-01-01,2025,1,Україна,Добувна промисловість і розроблення кар'єрів,29490.0
2025-01-01,2025,1,Україна,Фінансова та страхова діяльність,44295.0
2025-01-01,2025,1,Україна,"Виробництво харчових продуктів, напоїв і тютюнових виробів",24521.0
2025-01-01,2025,1,Україна,"Постачання електроенергії, газу, пари та кондиційованого повітря",30470.0
2025-01-01,2025,1,Україна,Промисловість,25986.0
2025-01-01,2025,1,Україна,"Виробництво гумових і пластмасових виробів, іншої неметалевої мінеральної продукції",23110.0
2025-01-01,2025,1,Україна,"Металургійне виробництво, виробництво готових металевих виробів, крім машин і устатковання",28103.0
2025-01-01,2025,1,Україна,Будівництво,19595.0
2025-01-01,2025,1,Україна,Оптова та роздрібна торгівля; ремонт автотранспортних засобів і мотоциклів,28208.0
2025-01-01,2025,1,Україна,"Виробництво меблів, іншої продукції; ремонт і монтаж машин і устатковання",24779.0
2025-01-01,2025,1,Україна,"Водопостачання; каналізація, поводження з відходами",17872.0
2025-01-01,2025,1,Україна,"Транспорт, складське господарство, поштова та кур'єрська діяльність",23873.0
2025-01-01,2025,1,Україна,Інформація та телекомунікації,63592.0
2025-01-01,2025,1,Україна,"Виготовлення виробів з деревини, паперу та  поліграфічна діяльність",20921.0
2025-01-01,2025,1,Дніпропетровська,Усього,24429.0
2025-01-01,2025,1,Запорізька,Усього,22288.0
2025-01-01,2025,1,Донецька,Усього,21607.0
2025-01-01,2025,1,Україна,Діяльність у сфері адміністративного та допоміжного обслуговування,18371.0
2025-01-01,2025,1,Україна,Освіта,13822.0
2025-01-01,2025,1,Київська,Усього,22932.0
2025-01-01,2025,1,Україна,Операції з нерухомим майном,20633.0
2025-01-01,2025,1,Україна,Усього,22992.0
2025-01-01,2025,1,Україна,"Професійна, наукова та технічна діяльність",28823.0
2025-01-01,2025,1,Україна,Надання інших видів послуг,27031.0
2025-01-01,2025,1,Україна,"Мистецтво, спорт, розваги та відпочинок",15660.0
2025-01-01,2025,1,Україна,Охорона здоров'я та надання соціальної допомоги,16460.0
2025-01-01,2025,1,Івано-Франківська,Усього,18049.0
2025-01-01,2025,1,Україна,Державне управління й оборона; обов'язкове соціальне страхування,27396.0
2025-01-01,2025,1,Львівська,Усього,21146.0
2025-01-01,2025,1,Київ,Усього,34978.0
2025-01-01,2025,1,Одеська,Усього,18855.0
2025-01-01,2025,1,Харківська,Усього,19108.0
2025-01-01,2025,1,Полтавська,Усього,19962.0
2025-02-01,2025,2,Україна,Складське господарство та допоміжна діяльність у сфері транспорту,26227.0
2025-02-01,2025,2,Україна,Авіаційний транспорт,51669.0
2025-02-01,2025,2,Україна,Наземний і трубопровідний транспорт,20645.0
2025-02-01,2025,2,Україна,"Діяльність у сфері творчості, мистецтва та розваг",12708.0
2025-02-01,2025,2,Україна,Добування кам'яного та бурого вугілля,31692.0
2025-02-01,2025,2,Україна,Виробництво електричного устатковання,22899.0
2025-02-01,2025,2,Україна,Виробництво основних фармацевтичних продуктів і фармацевтичних препаратів,42800.0
2025-02-01,2025,2,Україна,Сільське господарство та надання пов'язаних із ними послуг,20689.0
2025-02-01,2025,2,Україна,Виробництво коксу та продуктів нафтоперероблення,26002.0
2025-02-01,2025,2,Україна,"Сільське господарство, лісове господарство та рибне господарство",20673.0
2025-02-01,2025,2,Україна,Виробництво хімічних речовин і хімічної продукції,24908.0
2025-02-01,2025,2,Україна,"Функціювання бібліотек, архівів, музеїв та інших закладів культури",12220.0
2025-02-01,2025,2,Україна,Водний транспорт,24488.0
2025-02-01,2025,2,Україна,"Виробництво комп'ютерів, електронної та оптичної продукції",36777.0
2025-02-01,2025,2,Україна,Поштова та кур'єрська діяльність,18519.0
2025-02-01,2025,2,Україна,Наукові дослідження та розробки,22121.0
2025-02-01,2025,2,Україна,Охорона здоров'я,16857.0
2025-02-01,2025,2,Україна,"Виробництво машин і устатковання, н.в.і.у.",22573.0
2025-02-01,2025,2,Україна,Тимчасове розміщування й організація харчування,17696.0
2025-02-01,2025,2,Україна,"Виробництво автотранспортних засобів, причепів і напівпричепів та інших транспортних засобів",29907.0
2025-02-01,2025,2,Україна,Переробна промисловість,25056.0
2025-02-01,2025,2,Україна,"Текстильне виробництво, виробництво одягу, шкіри, виробів зі шкіри та інших матеріалів",16009.0
2025-02-01,2025,2,Україна,Добувна промисловість і розроблення кар'єрів,29108.0
2025-02-01,2025,2,Україна,Фінансова та страхова діяльність,47314.0
2025-02-01,2025,2,Україна,"Виробництво харчових продуктів, напоїв і тютюнових виробів",23862.0
2025-02-01,2025,2,Україна,"Постачання електроенергії, газу, пари та кондиційованого повітря",29513.0
2025-02-01,2025,2,Україна,Промисловість,25551.0
2025-02-01,2025,2,Україна,"Виробництво гумових і пластмасових виробів, іншої неметалевої мінеральної продукції",22936.0
2025-02-01,2025,2,Україна,"Металургійне виробництво, виробництво готових металевих виробів, крім машин і устатковання",27475.0
2025-02-01,2025,2,Україна,Будівництво,19380.0
2025-02-01,2025,2,Україна,Оптова та роздрібна торгівля; ремонт автотранспортних засобів і мотоциклів,28208.0
2025-02-01,2025,2,Україна,"Виробництво меблів, іншої продукції; ремонт і монтаж машин і устатковання",24213.0
2025-02-01,2025,2,Україна,"Водопостачання; каналізація, поводження з відходами",17484.0
2025-02-01,2025,2,Україна,"Транспорт, складське господарство, поштова та кур'єрська діяльність",23684.0
2025-02-01,2025,2,Україна,Інформація та телекомунікації,63245.0
2025-02-01,2025,2,Україна,"Виготовлення виробів з деревини, паперу та  поліграфічна діяльність",21029.0
2025-02-01,2025,2,Дніпропетровська,Усього,24188.0
2025-02-01,2025,2,Запорізька,Усього,21939.0
2025-02-01,2025,2,Донецька,Усього,21478.0
2025-02-01,2025,2,Україна,Діяльність у сфері адміністративного та допоміжного обслуговування,18253.0
2025-02-01,2025,2,Україна,Освіта,14094.0
2025-02-01,2025,2,Київська,Усього,22948.0
2025-02-01,2025,2,Україна,Операції з нерухомим майном,20515.0
2025-02-01,2025,2,Україна,Усього,23062.0
2025-02-01,2025,2,Україна,"Професійна, наукова та технічна діяльність",29231.0
2025-02-01,2025,2,Україна,Надання інших видів послуг,26803.0
2025-02-01,2025,2,Україна,"Мистецтво, спорт, розваги та відпочинок",15809.0
2025-02-01,2025,2,Україна,Охорона здоров'я та надання соціальної допомоги,16757.0
2025-02-01,2025,2,Івано-Франківська,Усього,17994.0
2025-02-01,2025,2,Україна,Державне управління й оборона; обов'язкове соціальне страхування,27793.0
2025-02-01,2025,2,Львівська,Усього,20988.0
2025-02-01,2025,2,Київ,Усього,35518.0
2025-02-01,2025,2,Одеська,Усього,19000.0
2025-02-01,2025,2,Харківська,Усього,19176.0
2025-02-01,2025,2,Полтавська,Усього,20051.0
2025-03-01,2025,3,Україна,Складське господарство та допоміжна діяльність у сфері транспорту,26061.0
2025-03-01,2025,3,Україна,Авіаційний транспорт,52527.0
2025-03-01,2025,3,Україна,Наземний і трубопровідний транспорт,20883.0
2025-03-01,2025,3,Україна,"Діяльність у сфері творчості, мистецтва та розваг",13011.0
2025-03-01,2025,3,Україна,Добування кам'яного та бурого вугілля,31782.0
2025-03-01,2025,3,Україна,Виробництво електричного устатковання,23417.0
2025-03-01,2025,3,Україна,Виробництво основних фармацевтичних продуктів і фармацевтичних препаратів,43567.0
2025-03-01,2025,3,Україна,Сільське господарство та надання пов'язаних із ними послуг,21399.0
2025-03-01,2025,3,Україна,Виробництво коксу та продуктів нафтоперероблення,25569.0
2025-03-01,2025,3,Україна,"Сільське господарство, лісове господарство та рибне господарство",21530.0
2025-03-01,2025,3,Україна,Виробництво хімічних речовин і хімічної продукції,25177.0
2025-03-01,2025,3,Україна,"Функціювання бібліотек, архівів, музеїв та інших закладів культури",12476.0
2025-03-01,2025,3,Україна,Водний транспорт,24418.0
2025-03-01,2025,3,Україна,"Виробництво комп'ютерів, електронної та оптичної продукції",37193.0
2025-03-01,2025,3,Україна,Поштова та кур'єрська діяльність,18312.0
2025-03-01,2025,3,Україна,Наукові дослідження та розробки,22652.0
2025-03-01,2025,3,Україна,Охорона здоров'я,17220.0
2025-03-01,2025,3,Україна,"Виробництво машин і устатковання, н.в.і.у.",23350.0
2025-03-01,2025,3,Україна,Тимчасове розміщування й організація харчування,17825.0
2025-03-01,2025,3,Україна,"Виробництво автотранспортних засобів, причепів і напівпричепів та інших транспортних засобів",30645.0
2025-03-01,2025,3,Україна,Переробна промисловість,25542.0
2025-03-01,2025,3,Україна,"Текстильне виробництво, виробництво одягу, шкіри, виробів зі шкіри та інших матеріалів",16220.0
2025-03-01,2025,3,Україна,Добувна промисловість і розроблення кар'єрів,29824.0
2025-03-01,2025,3,Україна,Фінансова та страхова діяльність,50057.0
2025-03-01,2025,3,Україна,"Виробництво харчових продуктів, напоїв і тютюнових виробів",24160.0
2025-03-01,2025,3,Україна,"Постачання електроенергії, газу, пари та кондиційованого повітря",31168.0
2025-03-01,2025,3,Україна,Промисловість,26245.0
2025-03-01,2025,3,Україна,"Виробництво гумових і пластмасових виробів, іншої неметалевої мінеральної продукції",23146.0
2025-03-01,2025,3,Україна,"Металургійне виробництво, виробництво готових металевих виробів, крім машин і устатковання",28613.0
2025-03-01,2025,3,Україна,Будівництво,19856.0
2025-03-01,2025,3,Україна,Оптова та роздрібна торгівля; ремонт автотранспортних засобів і мотоциклів,28862.0
2025-03-01,2025,3,Україна,"Виробництво меблів, іншої продукції; ремонт і монтаж машин і устатковання",24358.0
2025-03-01,2025,3,Україна,"Водопостачання; каналізація, поводження з відходами",17887.0
2025-03-01,2025,3,Україна,"Транспорт, складське господарство, поштова та кур'єрська діяльність",23747.0
2025-03-01,2025,3,Україна,Інформація та телекомунікації,65419.0
2025-03-01,2025,3,Україна,"Виготовлення виробів з деревини, паперу та  поліграфічна діяльність",21476.0
2025-03-01,2025,3,Дніпропетровська,Усього,24647.0
2025-03-01,2025,3,Запорізька,Усього,22158.0
2025-03-01,2025,3,Донецька,Усього,21503.0
2025-03-01,2025,3,Україна,Діяльність у сфері адміністративного та допоміжного обслуговування,18650.0
2025-03-01,2025,3,Україна,Освіта,14316.0
2025-03-01,2025,3,Київська,Усього,23301.0
2025-03-01,2025,3,Україна,Операції з нерухомим майном,20931.0
2025-03-01,2025,3,Україна,Усього,23629.0
2025-03-01,2025,3,Україна,"Професійна, наукова та технічна діяльність",30488.0
2025-03-01,2025,3,Україна,Надання інших видів послуг,27480.0
2025-03-01,2025,3,Україна,"Мистецтво, спорт, розваги та відпочинок",16114.0
2025-03-01,2025,3,Україна,Охорона здоров'я та надання соціальної допомоги,17116.0
2025-03-01,2025,3,Івано-Франківська,Усього,18256.0
2025-03-01,2025,3,Україна,Державне управління й оборона; обов'язкове соціальне страхування,28225.0
2025-03-01,2025,3,Львівська,Усього,21420.0
2025-03-01,2025,3,Київ,Усього,36751.0
2025-03-01,2025,3,Одеська,Усього,19198.0
2025-03-01,2025,3,Харківська,Усього,19538.0
2025-03-01,2025,3,Полтавська,Усього,20680.0
2025-04-01,2025,4,Україна,Складське господарство та допоміжна діяльність у сфері транспорту,26288.0
2025-04-01,2025,4,Україна,Авіаційний транспорт,53416.0
2025-04-01,2025,4,Україна,Наземний і трубопровідний транспорт,21192.0
2025-04-01,2025,4,Україна,"Діяльність у сфері творчості, мистецтва та розваг",13131.0
2025-04-01,2025,4,Україна,Добування кам'яного та бурого вугілля,32836.0
2025-04-01,2025,4,Україна,Виробництво електричного устатковання,23818.0
2025-04-01,2025,4,Україна,Виробництво основних фармацевтичних продуктів і фармацевтичних препаратів,45050.0
2025-04-01,2025,4,Україна,Сільське господарство та надання пов'язаних із ними послуг,21816.0
2025-04-01,2025,4,Україна,Виробництво коксу та продуктів нафтоперероблення,26396.0
2025-04-01,2025,4,Україна,"Сільське господарство, лісове господарство та рибне господарство",21929.0
2025-04-01,2025,4,Україна,Виробництво хімічних речовин і хімічної продукції,25956.0
2025-04-01,2025,4,Україна,"Функціювання бібліотек, архівів, музеїв та інших закладів культури",12719.0
2025-04-01,2025,4,Україна,Водний транспорт,24973.0
2025-04-01,2025,4,Україна,"Виробництво комп'ютерів, електронної та оптичної продукції",37691.0
2025-04-01,2025,4,Україна,Поштова та кур'єрська діяльність,18537.0
2025-04-01,2025,4,Україна,Наукові дослідження та розробки,23105.0
2025-04-01,2025,4,Україна,Охорона здоров'я,17480.0
2025-04-01,2025,4,Україна,"Виробництво машин і устатковання, н.в.і.у.",24187.0
2025-04-01,2025,4,Україна,Тимчасове розміщування й організація харчування,17918.0
2025-04-01,2025,4,Україна,"Виробництво автотранспортних засобів, причепів і напівпричепів та інших транспортних засобів",31078.0
2025-04-01,2025,4,Україна,Переробна промисловість,25969.0
2025-04-01,2025,4,Україна,"Текстильне виробництво, виробництво одягу, шкіри, виробів зі шкіри та інших матеріалів",16262.0
2025-04-01,2025,4,Україна,Добувна промисловість і розроблення кар'єрів,30461.0
2025-04-01,2025,4,Україна,Фінансова та страхова діяльність,51320.0
2025-04-01,2025,4,Україна,"Виробництво харчових продуктів, напоїв і тютюнових виробів",24306.0
2025-04-01,2025,4,Україна,"Постачання електроенергії, газу, пари та кондиційованого повітря",31826.0
2025-04-01,2025,4,Україна,Промисловість,26693.0
2025-04-01,2025,4,Україна,"Виробництво гумових і пластмасових виробів, іншої неметалевої мінеральної продукції",23924.0
2025-04-01,2025,4,Україна,"Металургійне виробництво, виробництво готових металевих виробів, крім машин і устатковання",28970.0
2025-04-01,2025,4,Україна,Будівництво,20195.0
2025-04-01,2025,4,Україна,Оптова та роздрібна торгівля; ремонт автотранспортних засобів і мотоциклів,29299.0
2025-04-01,2025,4,Україна,"Виробництво меблів, іншої продукції; ремонт і монтаж машин і устатковання",24755.0
2025-04-01,2025,4,Україна,"Водопостачання; каналізація, поводження з відходами",17974.0
2025-04-01,2025,4,Україна,"Транспорт, складське господарство, поштова та кур'єрська діяльність",24038.0
2025-04-01,2025,4,Україна,Інформація та телекомунікації,65283.0
2025-04-01,2025,4,Україна,"Виготовлення виробів з деревини, паперу та  поліграфічна діяльність",21927.0
2025-04-01,2025,4,Дніпропетровська,Усього,24925.0
2025-04-01,2025,4,Запорізька,Усього,23392.0
2025-04-01,2025,4,Донецька,Усього,21824.0
2025-04-01,2025,4,Україна,Діяльність у сфері адміністративного та допоміжного обслуговування,18863.0
2025-04-01,2025,4,Україна,Освіта,14478.0
2025-04-01,2025,4,Київська,Усього,23786.0
2025-04-01,2025,4,Україна,Операції з нерухомим майном,21224.0
2025-04-01,2025,4,Україна,Усього,24011.0
2025-04-01,2025,4,Україна,"Професійна, наукова та технічна діяльність",31660.0
2025-04-01,2025,4,Україна,Надання інших видів послуг,28028.0
2025-04-01,2025,4,Україна,"Мистецтво, спорт, розваги та відпочинок",16371.0
2025-04-01,2025,4,Україна,Охорона здоров'я та надання соціальної допомоги,17371.0
2025-04-01,2025,4,Івано-Франківська,Усього,18613.0
2025-04-01,2025,4,Україна,Державне управління й оборона; обов'язкове соціальне страхування,28776.0
2025-04-01,2025,4,Львівська,Усього,21762.0
2025-04-01,2025,4,Київ,Усього,37399.0
2025-04-01,2025,4,Одеська,Усього,19394.0
2025-04-01,2025,4,Харківська,Усього,19766.0
2025-04-01,2025,4,Полтавська,Усього,20825.0
2025-05-01,2025,5,Україна,Складське господарство та допоміжна діяльність у сфері транспорту,26285.0
2025-05-01,2025,5,Україна,Авіаційний транспорт,54579.0
2025-05-01,2025,5,Україна,Наземний і трубопровідний транспорт,21344.0
2025-05-01,2025,5,Україна,"Діяльність у сфері творчості, мистецтва та розваг",13257.0
2025-05-01,2025,5,Україна,Добування кам'яного та бурого вугілля,33259.0
2025-05-01,2025,5,Україна,Виробництво електричного устатковання,24352.0
2025-05-01,2025,5,Україна,Виробництво основних фармацевтичних продуктів і фармацевтичних препаратів,45377.0
2025-05-01,2025,5,Україна,Сільське господарство та надання пов'язаних із ними послуг,22479.0
2025-05-01,2025,5,Україна,Виробництво коксу та продуктів нафтоперероблення,26759.0
2025-05-01,2025,5,Україна,"Сільське господарство, лісове господарство та рибне господарство",22565.0
2025-05-01,2025,5,Україна,Виробництво хімічних речовин і хімічної продукції,26662.0
2025-05-01,2025,5,Україна,"Функціювання бібліотек, архівів, музеїв та інших закладів культури",12993.0
2025-05-01,2025,5,Україна,Водний транспорт,24785.0
2025-05-01,2025,5,Україна,"Виробництво комп'ютерів, електронної та оптичної продукції",37940.0
2025-05-01,2025,5,Україна,Поштова та кур'єрська діяльність,18473.0
2025-05-01,2025,5,Україна,Наукові дослідження та розробки,23471.0
2025-05-01,2025,5,Україна,Охорона здоров'я,17687.0
2025-05-01,2025,5,Україна,"Виробництво машин і устатковання, н.в.і.у.",24549.0
2025-05-01,2025,5,Україна,Тимчасове розміщування й організація харчування,18154.0
2025-05-01,2025,5,Україна,"Виробництво автотранспортних засобів, причепів і напівпричепів та інших транспортних засобів",31507.0
2025-05-01,2025,5,Україна,Переробна промисловість,26290.0
2025-05-01,2025,5,Україна,"Текстильне виробництво, виробництво одягу, шкіри, виробів зі шкіри та інших матеріалів",16453.0
2025-05-01,2025,5,Україна,Добувна промисловість і розроблення кар'єрів,30823.0
2025-05-01,2025,5,Україна,Фінансова та страхова діяльність,51574.0
2025-05-01,2025,5,Україна,"Виробництво харчових продуктів, напоїв і тютюнових виробів",24618.0
2025-05-01,2025,5,Україна,"Постачання електроенергії, газу, пари та кондиційованого повітря",31824.0
2025-05-01,2025,5,Україна,Промисловість,26943.0
2025-05-01,2025,5,Україна,"Виробництво гумових і пластмасових виробів, іншої неметалевої мінеральної продукції",24053.0
2025-05-01,2025,5,Україна,"Металургійне виробництво, виробництво готових металевих виробів, крім машин і устатковання",29331.0
2025-05-01,2025,5,Україна,Будівництво,20475.0
2025-05-01,2025,5,Україна,Оптова та роздрібна торгівля; ремонт автотранспортних засобів і мотоциклів,29538.0
2025-05-01,2025,5,Україна,"Виробництво меблів, іншої продукції; ремонт і монтаж машин і устатковання",24821.0
2025-05-01,2025,5,Україна,"Водопостачання; каналізація, поводження з відходами",18123.0
2025-05-01,2025,5,Україна,"Транспорт, складське господарство, поштова та кур'єрська діяльність",24145.0
2025-05-01,2025,5,Україна,Інформація та телекомунікації,64702.0
2025-05-01,2025,5,Україна,"Виготовлення виробів з деревини, паперу та  поліграфічна діяльність",22274.0
2025-05-01,2025,5,Дніпропетровська,Усього,25150.0
2025-05-01,2025,5,Запорізька,Усього,23629.0
2025-05-01,2025,5,Донецька,Усього,21943.0
2025-05-01,2025,5,Україна,Діяльність у сфері адміністративного та допоміжного обслуговування,18992.0
2025-05-01,2025,5,Україна,Освіта,14703.0
2025-05-01,2025,5,Київська,Усього,24034.0
2025-05-01,2025,5,Україна,Операції з нерухомим майном,21963.0
2025-05-01,2025,5,Україна,Усього,24260.0
2025-05-01,2025,5,Україна,"Професійна, наукова та технічна діяльність",31694.0
2025-05-01,2025,5,Україна,Надання інших видів послуг,28011.0
2025-05-01,2025,5,Україна,"Мистецтво, спорт, розваги та відпочинок",16634.0
2025-05-01,2025,5,Україна,Охорона здоров'я та надання соціальної допомоги,17573.0
2025-05-01,2025,5,Івано-Франківська,Усього,18866.0
2025-05-01,2025,5,Україна,Державне управління й оборона; обов'язкове соціальне страхування,29276.0
2025-05-01,2025,5,Львівська,Усього,22019.0
2025-05-01,2025,5,Київ,Усього,37607.0
2025-05-01,2025,5,Одеська,Усього,19550.0
2025-05-01,2025,5,Харківська,Усього,19980.0
2025-05-01,2025,5,Полтавська,Усього,20995.0
2025-06-01,2025,6,Україна,Складське господарство та допоміжна діяльність у сфері транспорту,26487.0
2025-06-01,2025,6,Україна,Авіаційний транспорт,55389.0
2025-06-01,2025,6,Україна,Наземний і трубопровідний транспорт,21560.0
2025-06-01,2025,6,Україна,"Діяльність у сфері творчості, мистецтва та розваг",13579.0
2025-06-01,2025,6,Україна,Добування кам'яного та бурого вугілля,33552.0
2025-06-01,2025,6,Україна,Виробництво електричного устатковання,24488.0
2025-06-01,2025,6,Україна,Виробництво основних фармацевтичних продуктів і фармацевтичних препаратів,45058.0
2025-06-01,2025,6,Україна,Сільське господарство та надання пов'язаних із ними послуг,22702.0
2025-06-01,2025,6,Україна,Виробництво коксу та продуктів нафтоперероблення,27200.0
2025-06-01,2025,6,Україна,"Сільське господарство, лісове господарство та рибне господарство",22810.0
2025-06-01,2025,6,Україна,Виробництво хімічних речовин і хімічної продукції,26851.0
2025-06-01,2025,6,Україна,"Функціювання бібліотек, архівів, музеїв та інших закладів культури",13273.0
2025-06-01,2025,6,Україна,Водний транспорт,24576.0
2025-06-01,2025,6,Україна,"Виробництво комп'ютерів, електронної та оптичної продукції",38473.0
2025-06-01,2025,6,Україна,Поштова та кур'єрська діяльність,18509.0
2025-06-01,2025,6,Україна,Наукові дослідження та розробки,23895.0
2025-06-01,2025,6,Україна,Охорона здоров'я,17909.0
2025-06-01,2025,6,Україна,"Виробництво машин і устатковання, н.в.і.у.",24957.0
2025-06-01,2025,6,Україна,Тимчасове розміщування й організація харчування,18428.0
2025-06-01,2025,6,Україна,"Виробництво автотранспортних засобів, причепів і напівпричепів та інших транспортних засобів",31885.0
2025-06-01,2025,6,Україна,Переробна промисловість,26512.0
2025-06-01,2025,6,Україна,"Текстильне виробництво, виробництво одягу, шкіри, виробів зі шкіри та інших матеріалів",16588.0
2025-06-01,2025,6,Україна,Добувна промисловість і розроблення кар'єрів,31052.0
2025-06-01,2025,6,Україна,Фінансова та страхова діяльність,51464.0
2025-06-01,2025,6,Україна,"Виробництво харчових продуктів, напоїв і тютюнових виробів",24710.0
2025-06-01,2025,6,Україна,"Постачання електроенергії, газу, пари та кондиційованого повітря",31896.0
2025-06-01,2025,6,Україна,Промисловість,27129.0
2025-06-01,2025,6,Україна,"Виробництво гумових і пластмасових виробів, іншої неметалевої мінеральної продукції",24424.0
2025-06-01,2025,6,Україна,"Металургійне виробництво, виробництво готових металевих виробів, крім машин і устатковання",29644.0
2025-06-01,2025,6,Україна,Будівництво,20792.0
2025-06-01,2025,6,Україна,Оптова та роздрібна торгівля; ремонт автотранспортних засобів і мотоциклів,29731.0
2025-06-01,2025,6,Україна,"Виробництво меблів, іншої продукції; ремонт і монтаж машин і устатковання",24898.0
2025-06-01,2025,6,Україна,"Водопостачання; каналізація, поводження з відходами",18260.0
2025-06-01,2025,6,Україна,"Транспорт, складське господарство, поштова та кур'єрська діяльність",24366.0
2025-06-01,2025,6,Україна,Інформація та телекомунікації,64793.0
2025-06-01,2025,6,Україна,"Виготовлення виробів з деревини, паперу та  поліграфічна діяльність",22495.0
2025-06-01,2025,6,Дніпропетровська,Усього,25483.0
2025-06-01,2025,6,Запорізька,Усього,23771.0
2025-06-01,2025,6,Донецька,Усього,22232.0
2025-06-01,2025,6,Україна,Діяльність у сфері адміністративного та допоміжного обслуговування,19114.0
2025-06-01,2025,6,Україна,Освіта,15385.0
2025-06-01,2025,6,Київська,Усього,24429.0
2025-06-01,2025,6,Україна,Операції з нерухомим майном,22304.0
2025-06-01,2025,6,Україна,Усього,24572.0
2025-06-01,2025,6,Україна,"Професійна, наукова та технічна діяльність",31982.0
2025-06-01,2025,6,Україна,Надання інших видів послуг,28097.0
2025-06-01,2025,6,Україна,"Мистецтво, спорт, розваги та відпочинок",16920.0
2025-06-01,2025,6,Україна,Охорона здоров'я та надання соціальної допомоги,17791.0
2025-06-01,2025,6,Івано-Франківська,Усього,19288.0
2025-06-01,2025,6,Україна,Державне управління й оборона; обов'язкове соціальне страхування,29854.0
2025-06-01,2025,6,Львівська,Усього,22347.0
2025-06-01,2025,6,Київ,Усього,37843.0
2025-06-01,2025,6,Одеська,Усього,19841.0
2025-06-01,2025,6,Харківська,Усього,20305.0
2025-06-01,2025,6,Полтавська,Усього,21258.0
2025-07-01,2025,7,Україна,Складське господарство та допоміжна діяльність у сфері транспорту,26843.0
2025-07-01,2025,7,Україна,Авіаційний транспорт,55743.0
2025-07-01,2025,7,Україна,Наземний і трубопровідний транспорт,21880.0
2025-07-01,2025,7,Україна,"Діяльність у сфері творчості, мистецтва та розваг",13705.0
2025-07-01,2025,7,Україна,Добування кам'яного та бурого вугілля,33959.0
2025-07-01,2025,7,Україна,Виробництво електричного устатковання,24719.0
2025-07-01,2025,7,Україна,Виробництво основних фармацевтичних продуктів і фармацевтичних препаратів,45404.0
2025-07-01,2025,7,Україна,Сільське господарство та надання пов'язаних із ними послуг,23012.0
2025-07-01,2025,7,Україна,Виробництво коксу та продуктів нафтоперероблення,27776.0
2025-07-01,2025,7,Україна,"Сільське господарство, лісове господарство та рибне господарство",23121.0
2025-07-01,2025,7,Україна,Виробництво хімічних речовин і хімічної продукції,27066.0
2025-07-01,2025,7,Україна,"Функціювання бібліотек, архівів, музеїв та інших закладів культури",13500.0
2025-07-01,2025,7,Україна,Водний транспорт,24597.0
2025-07-01,2025,7,Україна,"Виробництво комп'ютерів, електронної та оптичної продукції",38887.0
2025-07-01,2025,7,Україна,Поштова та кур'єрська діяльність,18659.0
2025-07-01,2025,7,Україна,Наукові дослідження та розробки,24235.0
2025-07-01,2025,7,Україна,Охорона здоров'я,18250.0
2025-07-01,2025,7,Україна,"Виробництво машин і устатковання, н.в.і.у.",25329.0
2025-07-01,2025,7,Україна,Тимчасове розміщування й організація харчування,18592.0
2025-07-01,2025,7,Україна,"Виробництво автотранспортних засобів, причепів і напівпричепів та інших транспортних засобів",32295.0
2025-07-01,2025,7,Україна,Переробна промисловість,26792.0
2025-07-01,2025,7,Україна,"Текстильне виробництво, виробництво одягу, шкіри, виробів зі шкіри та інших матеріалів",16726.0
2025-07-01,2025,7,Україна,Добувна промисловість і розроблення кар'єрів,31471.0
2025-07-01,2025,7,Україна,Фінансова та страхова діяльність,52092.0
2025-07-01,2025,7,Україна,"Виробництво харчових продуктів, напоїв і тютюнових виробів",24928.0
2025-07-01,2025,7,Україна,"Постачання електроенергії, газу, пари та кондиційованого повітря",32134.0
2025-07-01,2025,7,Україна,Промисловість,27403.0
2025-07-01,2025,7,Україна,"Виробництво гумових і пластмасових виробів, іншої неметалевої мінеральної продукції",24826.0
2025-07-01,2025,7,Україна,"Металургійне виробництво, виробництво готових металевих виробів, крім машин і устатковання",29851.0
2025-07-01,2025,7,Україна,Будівництво,21074.0
2025-07-01,2025,7,Україна,Оптова та роздрібна торгівля; ремонт автотранспортних засобів і мотоциклів,29971.0
2025-07-01,2025,7,Україна,"Виробництво меблів, іншої продукції; ремонт і монтаж машин і устатковання",25094.0
2025-07-01,2025,7,Україна,"Водопостачання; каналізація, поводження з відходами",18440.0
2025-07-01,2025,7,Україна,"Транспорт, складське господарство, поштова та кур'єрська діяльність",24685.0
2025-07-01,2025,7,Україна,Інформація та телекомунікації,65145.0
2025-07-01,2025,7,Україна,"Виготовлення виробів з деревини, паперу та  поліграфічна діяльність",22773.0
2025-07-01,2025,7,Дніпропетровська,Усього,25755.0
2025-07-01,2025,7,Запорізька,Усього,23902.0
2025-07-01,2025,7,Донецька,Усього,22520.0
2025-07-01,2025,7,Україна,Діяльність у сфері адміністративного та допоміжного обслуговування,19288.0
2025-07-01,2025,7,Україна,Освіта,15474.0
2025-07-01,2025,7,Київська,Усього,24654.0
2025-07-01,2025,7,Україна,Операції з нерухомим майном,22400.0
2025-07-01,2025,7,Україна,Усього,24844.0
2025-07-01,2025,7,Україна,"Професійна, наукова та технічна діяльність",32276.0
2025-07-01,2025,7,Україна,Надання інших видів послуг,28243.0
2025-07-01,2025,7,Україна,"Мистецтво, спорт, розваги та відпочинок",17094.0
2025-07-01,2025,7,Україна,Охорона здоров'я та надання соціальної допомоги,18112.0
2025-07-01,2025,7,Івано-Франківська,Усього,19570.0
2025-07-01,2025,7,Україна,Державне управління й оборона; обов'язкове соціальне страхування,30426.0
2025-07-01,2025,7,Львівська,Усього,22608.0
2025-07-01,2025,7,Київ,Усього,38226.0
2025-07-01,2025,7,Одеська,Усього,20064.0
2025-07-01,2025,7,Харківська,Усього,20539.0
2025-07-01,2025,7,Полтавська,Усього,21503.0
2025-08-01,2025,8,Україна,Складське господарство та допоміжна діяльність у сфері транспорту,27042.0
2025-08-01,2025,8,Україна,Авіаційний транспорт,55975.0
2025-08-01,2025,8,Україна,Наземний і трубопровідний транспорт,22016.0
2025-08-01,2025,8,Україна,"Діяльність у сфері творчості, мистецтва та розваг",13743.0
2025-08-01,2025,8,Україна,Добування кам'яного та бурого вугілля,34377.0
2025-08-01,2025,8,Україна,Виробництво електричного устатковання,24867.0
2025-08-01,2025,8,Україна,Виробництво основних фармацевтичних продуктів і фармацевтичних препаратів,45870.0
2025-08-01,2025,8,Україна,Сільське господарство та надання пов'язаних із ними послуг,23278.0
2025-08-01,2025,8,Україна,Виробництво коксу та продуктів нафтоперероблення,28181.0
2025-08-01,2025,8,Україна,"Сільське господарство, лісове господарство та рибне господарство",23378.0
2025-08-01,2025,8,Україна,Виробництво хімічних речовин і хімічної продукції,27142.0
2025-08-01,2025,8,Україна,"Функціювання бібліотек, архівів, музеїв та інших закладів культури",13608.0
2025-08-01,2025,8,Україна,Водний транспорт,24629.0
2025-08-01,2025,8,Україна,"Виробництво комп'ютерів, електронної та оптичної продукції",39142.0
2025-08-01,2025,8,Україна,Поштова та кур'єрська діяльність,18656.0
2025-08-01,2025,8,Україна,Наукові дослідження та розробки,24409.0
2025-08-01,2025,8,Україна,Охорона здоров'я,18317.0
2025-08-01,2025,8,Україна,"Виробництво машин і устатковання, н.в.і.у.",25551.0
2025-08-01,2025,8,Україна,Тимчасове розміщування й організація харчування,18641.0
2025-08-01,2025,8,Україна,"Виробництво автотранспортних засобів, причепів і напівпричепів та інших транспортних засобів",32483.0
2025-08-01,2025,8,Україна,Переробна промисловість,26969.0
2025-08-01,2025,8,Україна,"Текстильне виробництво, виробництво одягу, шкіри, виробів зі шкіри та інших матеріалів",16851.0
2025-08-01,2025,8,Україна,Добувна промисловість і розроблення кар'єрів,31778.0
2025-08-01,2025,8,Україна,Фінансова та страхова діяльність,52113.0
2025-08-01,2025,8,Україна,"Виробництво харчових продуктів, напоїв і тютюнових виробів",25088.0
2025-08-01,2025,8,Україна,"Постачання електроенергії, газу, пари та кондиційованого повітря",32370.0
2025-08-01,2025,8,Україна,Промисловість,27594.0
2025-08-01,2025,8,Україна,"Виробництво гумових і пластмасових виробів, іншої неметалевої мінеральної продукції",24993.0
2025-08-01,2025,8,Україна,"Металургійне виробництво, виробництво готових металевих виробів, крім машин і устатковання",30033.0
2025-08-01,2025,8,Україна,Будівництво,21314.0
2025-08-01,2025,8,Україна,Оптова та роздрібна торгівля; ремонт автотранспортних засобів і мотоциклів,30116.0
2025-08-01,2025,8,Україна,"Виробництво меблів, іншої продукції; ремонт і монтаж машин і устатковання",25167.0
2025-08-01,2025,8,Україна,"Водопостачання; каналізація, поводження з відходами",18575.0
2025-08-01,2025,8,Україна,"Транспорт, складське господарство, поштова та кур'єрська діяльність",24847.0
2025-08-01,2025,8,Україна,Інформація та телекомунікації,65154.0
2025-08-01,2025,8,Україна,"Виготовлення виробів з деревини, паперу та  поліграфічна діяльність",22965.0
2025-08-01,2025,8,Дніпропетровська,Усього,25880.0
2025-08-01,2025,8,Запорізька,Усього,23995.0
2025-08-01,2025,8,Донецька,Усього,22707.0
2025-08-01,2025,8,Україна,Діяльність у сфері адміністративного та допоміжного обслуговування,19386.0
2025-08-01,2025,8,Україна,Освіта,15348.0
2025-08-01,2025,8,Київська,Усього,24816.0
2025-08-01,2025,8,Україна,Операції з нерухомим майном,22481.0
2025-08-01,2025,8,Україна,Усього,24976.0
2025-08-01,2025,8,Україна,"Професійна, наукова та технічна діяльність",32476.0
2025-08-01,2025,8,Україна,Надання інших видів послуг,28339.0
2025-08-01,2025,8,Україна,"Мистецтво, спорт, розваги та відпочинок",17267.0
2025-08-01,2025,8,Україна,Охорона здоров'я та надання соціальної допомоги,18181.0
2025-08-01,2025,8,Івано-Франківська,Усього,19645.0
2025-08-01,2025,8,Україна,Державне управління й оборона; обов'язкове соціальне страхування,31009.0
2025-08-01,2025,8,Львівська,Усього,22710.0
2025-08-01,2025,8,Київ,Усього,38388.0
2025-08-01,2025,8,Одеська,Усього,20188.0
2025-08-01,2025,8,Харківська,Усього,20670.0
2025-08-01,2025,8,Полтавська,Усього,21629.0
2025-09-01,2025,9,Україна,Складське господарство та допоміжна діяльність у сфері транспорту,27323.0
2025-09-01,2025,9,Україна,Авіаційний транспорт,56093.0
2025-09-01,2025,9,Україна,Наземний і трубопровідний транспорт,22393.0
2025-09-01,2025,9,Україна,"Діяльність у сфері творчості, мистецтва та розваг",13859.0
2025-09-01,2025,9,Україна,Добування кам'яного та бурого вугілля,34763.0
2025-09-01,2025,9,Україна,Виробництво електричного устатковання,24960.0
2025-09-01,2025,9,Україна,Виробництво основних фармацевтичних продуктів і фармацевтичних препаратів,45860.0
2025-09-01,2025,9,Україна,Сільське господарство та надання пов'язаних із ними послуг,23504.0
2025-09-01,2025,9,Україна,Виробництво коксу та продуктів нафтоперероблення,28377.0
2025-09-01,2025,9,Україна,"Сільське господарство, лісове господарство та рибне господарство",23645.0
2025-09-01,2025,9,Україна,Виробництво хімічних речовин і хімічної продукції,27290.0
2025-09-01,2025,9,Україна,"Функціювання бібліотек, архівів, музеїв та інших закладів культури",13786.0
2025-09-01,2025,9,Україна,Водний транспорт,24731.0
2025-09-01,2025,9,Україна,"Виробництво комп'ютерів, електронної та оптичної продукції",39461.0
2025-09-01,2025,9,Україна,Поштова та кур'єрська діяльність,18659.0
2025-09-01,2025,9,Україна,Наукові дослідження та розробки,24682.0
2025-09-01,2025,9,Україна,Охорона здоров'я,18334.0
2025-09-01,2025,9,Україна,"Виробництво машин і устатковання, н.в.і.у.",26109.0
2025-09-01,2025,9,Україна,Тимчасове розміщування й організація харчування,18659.0
2025-09-01,2025,9,Україна,"Виробництво автотранспортних засобів, причепів і напівпричепів та інших транспортних засобів",32836.0
2025-09-01,2025,9,Україна,Переробна промисловість,27186.0
2025-09-01,2025,9,Україна,"Текстильне виробництво, виробництво одягу, шкіри, виробів зі шкіри та інших матеріалів",16945.0
2025-09-01,2025,9,Україна,Добувна промисловість і розроблення кар'єрів,32496.0
2025-09-01,2025,9,Україна,Фінансова та страхова діяльність,51961.0
2025-09-01,2025,9,Україна,"Виробництво харчових продуктів, напоїв і тютюнових виробів",25231.0
2025-09-01,2025,9,Україна,"Постачання електроенергії, газу, пари та кондиційованого повітря",32669.0
2025-09-01,2025,9,Україна,Промисловість,27854.0
2025-09-01,2025,9,Україна,"Виробництво гумових і пластмасових виробів, іншої неметалевої мінеральної продукції",25104.0
2025-09-01,2025,9,Україна,"Металургійне виробництво, виробництво готових металевих виробів, крім машин і устатковання",30268.0
2025-09-01,2025,9,Україна,Будівництво,21667.0
2025-09-01,2025,9,Україна,Оптова та роздрібна торгівля; ремонт автотранспортних засобів і мотоциклів,30243.0
2025-09-01,2025,9,Україна,"Виробництво меблів, іншої продукції; ремонт і монтаж машин і устатковання",25434.0
2025-09-01,2025,9,Україна,"Водопостачання; каналізація, поводження з відходами",18679.0
2025-09-01,2025,9,Україна,"Транспорт, складське господарство, поштова та кур'єрська діяльність",25158.0
2025-09-01,2025,9,Україна,Інформація та телекомунікації,65061.0
2025-09-01,2025,9,Україна,"Виготовлення виробів з деревини, паперу та  поліграфічна діяльність",23139.0
2025-09-01,2025,9,Дніпропетровська,Усього,26048.0
2025-09-01,2025,9,Запорізька,Усього,24059.0
2025-09-01,2025,9,Донецька,Усього,22919.0
2025-09-01,2025,9,Україна,Діяльність у сфері адміністративного та допоміжного обслуговування,19507.0
2025-09-01,2025,9,Україна,Освіта,15518.0
2025-09-01,2025,9,Київська,Усього,25033.0
2025-09-01,2025,9,Україна,Операції з нерухомим майном,22538.0
2025-09-01,2025,9,Україна,Усього,25157.0
2025-09-01,2025,9,Україна,"Професійна, наукова та технічна діяльність",32771.0
2025-09-01,2025,9,Україна,Надання інших видів послуг,28475.0
2025-09-01,2025,9,Україна,"Мистецтво, спорт, розваги та відпочинок",17493.0
2025-09-01,2025,9,Україна,Охорона здоров'я та надання соціальної допомоги,18202.0
2025-09-01,2025,9,Івано-Франківська,Усього,19799.0
2025-09-01,2025,9,Україна,Державне управління й оборона; обов'язкове соціальне страхування,31215.0
2025-09-01,2025,9,Львівська,Усього,22891.0
2025-09-01,2025,9,Київ,Усього,38578.0
2025-09-01,2025,9,Одеська,Усього,20302.0
2025-09-01,2025,9,Харківська,Усього,20900.0
2025-09-01,2025,9,Полтавська,Усього,21921.0
2025-10-01,2025,10,Україна,Складське господарство та допоміжна діяльність у сфері транспорту,27634.0
2025-10-01,2025,10,Україна,Авіаційний транспорт,56171.0
2025-10-01,2025,10,Україна,Наземний і трубопровідний транспорт,22652.0
2025-10-01,2025,10,Україна,"Діяльність у сфері творчості, мистецтва та розваг",13953.0
2025-10-01,2025,10,Україна,Добування кам'яного та бурого вугілля,34895.0
2025-10-01,2025,10,Україна,Виробництво електричного устатковання,25130.0
2025-10-01,2025,10,Україна,Виробництво основних фармацевтичних продуктів і фармацевтичних препаратів,46003.0
2025-10-01,2025,10,Україна,Сільське господарство та надання пов'язаних із ними послуг,23667.0
2025-10-01,2025,10,Україна,Виробництво коксу та продуктів нафтоперероблення,28570.0
2025-10-01,2025,10,Україна,"Сільське господарство, лісове господарство та рибне господарство",23804.0
2025-10-01,2025,10,Україна,Виробництво хімічних речовин і хімічної продукції,27473.0
2025-10-01,2025,10,Україна,"Функціювання бібліотек, архівів, музеїв та інших закладів культури",13861.0
2025-10-01,2025,10,Україна,Водний транспорт,25071.0
2025-10-01,2025,10,Україна,"Виробництво комп'ютерів, електронної та оптичної продукції",39728.0
2025-10-01,2025,10,Україна,Поштова та кур'єрська діяльність,18777.0
2025-10-01,2025,10,Україна,Наукові дослідження та розробки,24911.0
2025-10-01,2025,10,Україна,Охорона здоров'я,18367.0
2025-10-01,2025,10,Україна,"Виробництво машин і устатковання, н.в.і.у.",26304.0
2025-10-01,2025,10,Україна,Тимчасове розміщування й організація харчування,18826.0
2025-10-01,2025,10,Україна,"Виробництво автотранспортних засобів, причепів і напівпричепів та інших транспортних засобів",33162.0
2025-10-01,2025,10,Україна,Переробна промисловість,27444.0
2025-10-01,2025,10,Україна,"Текстильне виробництво, виробництво одягу, шкіри, виробів зі шкіри та інших матеріалів",17075.0
2025-10-01,2025,10,Україна,Добувна промисловість і розроблення кар'єрів,32602.0
2025-10-01,2025,10,Україна,Фінансова та страхова діяльність,52158.0
2025-10-01,2025,10,Україна,"Виробництво харчових продуктів, напоїв і тютюнових виробів",25597.0
2025-10-01,2025,10,Україна,"Постачання електроенергії, газу, пари та кондиційованого повітря",32907.0
2025-10-01,2025,10,Україна,Промисловість,28086.0
2025-10-01,2025,10,Україна,"Виробництво гумових і пластмасових виробів, іншої неметалевої мінеральної продукції",25326.0
2025-10-01,2025,10,Україна,"Металургійне виробництво, виробництво готових металевих виробів, крім машин і устатковання",30479.0
2025-10-01,2025,10,Україна,Будівництво,21866.0
2025-10-01,2025,10,Україна,Оптова та роздрібна торгівля; ремонт автотранспортних засобів і мотоциклів,30421.0
2025-10-01,2025,10,Україна,"Виробництво меблів, іншої продукції; ремонт і монтаж машин і устатковання",25589.0
2025-10-01,2025,10,Україна,"Водопостачання; каналізація, поводження з відходами",18793.0
2025-10-01,2025,10,Україна,"Транспорт, складське господарство, поштова та кур'єрська діяльність",25430.0
2025-10-01,2025,10,Україна,Інформація та телекомунікації,65060.0
2025-10-01,2025,10,Україна,"Виготовлення виробів з деревини, паперу та  поліграфічна діяльність",23357.0
2025-10-01,2025,10,Дніпропетровська,Усього,26228.0
2025-10-01,2025,10,Запорізька,Усього,24171.0
2025-10-01,2025,10,Донецька,Усього,23030.0
2025-10-01,2025,10,Україна,Діяльність у сфері адміністративного та допоміжного обслуговування,19628.0
2025-10-01,2025,10,Україна,Освіта,15664.0
2025-10-01,2025,10,Київська,Усього,25243.0
2025-10-01,2025,10,Україна,Операції з нерухомим майном,22645.0
2025-10-01,2025,10,Україна,Усього,25331.0
2025-10-01,2025,10,Україна,"Професійна, наукова та технічна діяльність",32964.0
2025-10-01,2025,10,Україна,Надання інших видів послуг,28701.0
2025-10-01,2025,10,Україна,"Мистецтво, спорт, розваги та відпочинок",17606.0
2025-10-01,2025,10,Україна,Охорона здоров'я та надання соціальної допомоги,18248.0
2025-10-01,2025,10,Івано-Франківська,Усього,19911.0
2025-10-01,2025,10,Україна,Державне управління й оборона; обов'язкове соціальне страхування,31474.0
2025-10-01,2025,10,Львівська,Усього,23064.0
2025-10-01,2025,10,Київ,Усього,38793.0
2025-10-01,2025,10,Одеська,Усього,20432.0
2025-10-01,2025,10,Харківська,Усього,21054.0
2025-10-01,2025,10,Полтавська,Усього,22071.0
2025-11-01,2025,11,Україна,Складське господарство та допоміжна діяльність у сфері транспорту,27808.0
2025-11-01,2025,11,Україна,Авіаційний транспорт,56067.0
2025-11-01,2025,11,Україна,Наземний і трубопровідний транспорт,22738.0
2025-11-01,2025,11,Україна,"Діяльність у сфері творчості, мистецтва та розваг",14084.0
2025-11-01,2025,11,Україна,Добування кам'яного та бурого вугілля,34947.0
2025-11-01,2025,11,Україна,Виробництво електричного устатковання,25277.0
2025-11-01,2025,11,Україна,Виробництво основних фармацевтичних продуктів і фармацевтичних препаратів,46423.0
2025-11-01,2025,11,Україна,Сільське господарство та надання пов'язаних із ними послуг,23792.0
2025-11-01,2025,11,Україна,Виробництво коксу та продуктів нафтоперероблення,28583.0
2025-11-01,2025,11,Україна,"Сільське господарство, лісове господарство та рибне господарство",23922.0
2025-11-01,2025,11,Україна,Виробництво хімічних речовин і хімічної продукції,27601.0
2025-11-01,2025,11,Україна,"Функціювання бібліотек, архівів, музеїв та інших закладів культури",13972.0
2025-11-01,2025,11,Україна,Водний транспорт,25015.0
2025-11-01,2025,11,Україна,"Виробництво комп'ютерів, електронної та оптичної продукції",40131.0
2025-11-01,2025,11,Україна,Поштова та кур'єрська діяльність,18743.0
2025-11-01,2025,11,Україна,Наукові дослідження та розробки,25124.0
2025-11-01,2025,11,Україна,Охорона здоров'я,18435.0
2025-11-01,2025,11,Україна,"Виробництво машин і устатковання, н.в.і.у.",26434.0
2025-11-01,2025,11,Україна,Тимчасове розміщування й організація харчування,18956.0
2025-11-01,2025,11,Україна,"Виробництво автотранспортних засобів, причепів і напівпричепів та інших транспортних засобів",33466.0
2025-11-01,2025,11,Україна,Переробна промисловість,27637.0
2025-11-01,2025,11,Україна,"Текстильне виробництво, виробництво одягу, шкіри, виробів зі шкіри та інших матеріалів",17146.0
2025-11-01,2025,11,Україна,Добувна промисловість і розроблення кар'єрів,32563.0
2025-11-01,2025,11,Україна,Фінансова та страхова діяльність,52161.0
2025-11-01,2025,11,Україна,"Виробництво харчових продуктів, напоїв і тютюнових виробів",25853.0
2025-11-01,2025,11,Україна,"Постачання електроенергії, газу, пари та кондиційованого повітря",33041.0
2025-11-01,2025,11,Україна,Промисловість,28246.0
2025-11-01,2025,11,Україна,"Виробництво гумових і пластмасових виробів, іншої неметалевої мінеральної продукції",25469.0
2025-11-01,2025,11,Україна,"Металургійне виробництво, виробництво готових металевих виробів, крім машин і устатковання",30590.0
2025-11-01,2025,11,Україна,Будівництво,21955.0
2025-11-01,2025,11,Україна,Оптова та роздрібна торгівля; ремонт автотранспортних засобів і мотоциклів,30902.0
2025-11-01,2025,11,Україна,"Виробництво меблів, іншої продукції; ремонт і монтаж машин і устатковання",25658.0
2025-11-01,2025,11,Україна,"Водопостачання; каналізація, поводження з відходами",18892.0
2025-11-01,2025,11,Україна,"Транспорт, складське господарство, поштова та кур'єрська діяльність",25541.0
2025-11-01,2025,11,Україна,Інформація та телекомунікації,65232.0
2025-11-01,2025,11,Україна,"Виготовлення виробів з деревини, паперу та  поліграфічна діяльність",23481.0
2025-11-01,2025,11,Дніпропетровська,Усього,26717.0
2025-11-01,2025,11,Запорізька,Усього,24244.0
2025-11-01,2025,11,Донецька,Усього,23103.0
2025-11-01,2025,11,Україна,Діяльність у сфері адміністративного та допоміжного обслуговування,19715.0
2025-11-01,2025,11,Україна,Освіта,15751.0
2025-11-01,2025,11,Київська,Усього,25410.0
2025-11-01,2025,11,Україна,Операції з нерухомим майном,22729.0
2025-11-01,2025,11,Україна,Усього,25496.0
2025-11-01,2025,11,Україна,"Професійна, наукова та технічна діяльність",33077.0
2025-11-01,2025,11,Україна,Надання інших видів послуг,28841.0
2025-11-01,2025,11,Україна,"Мистецтво, спорт, розваги та відпочинок",17751.0
2025-11-01,2025,11,Україна,Охорона здоров'я та надання соціальної допомоги,18320.0
2025-11-01,2025,11,Івано-Франківська,Усього,19998.0
2025-11-01,2025,11,Україна,Державне управління й оборона; обов'язкове соціальне страхування,31728.0
2025-11-01,2025,11,Львівська,Усього,23166.0
2025-11-01,2025,11,Київ,Усього,38960.0
2025-11-01,2025,11,Одеська,Усього,20564.0
2025-11-01,2025,11,Харківська,Усього,21188.0
2025-11-01,2025,11,Полтавська,Усього,22158.0
2025-12-01,2025,12,Україна,Складське господарство та допоміжна діяльність у сфері транспорту,28250.0
2025-12-01,2025,12,Україна,Авіаційний транспорт,57471.0
2025-12-01,2025,12,Україна,Наземний і трубопровідний транспорт,23057.0
2025-12-01,2025,12,Україна,"Діяльність у сфері творчості, мистецтва та розваг",14390.0
2025-12-01,2025,12,Україна,Добування кам'яного та бурого вугілля,35090.0
2025-12-01,2025,12,Україна,Виробництво електричного устатковання,25536.0
2025-12-01,2025,12,Україна,Виробництво основних фармацевтичних продуктів і фармацевтичних препаратів,46815.0
2025-12-01,2025,12,Україна,Сільське господарство та надання пов'язаних із ними послуг,24034.0
2025-12-01,2025,12,Україна,Виробництво коксу та продуктів нафтоперероблення,28725.0
2025-12-01,2025,12,Україна,"Сільське господарство, лісове господарство та рибне господарство",24227.0
2025-12-01,2025,12,Україна,Виробництво хімічних речовин і хімічної продукції,28427.0
2025-12-01,2025,12,Україна,"Функціювання бібліотек, архівів, музеїв та інших закладів культури",14360.0
2025-12-01,2025,12,Україна,Водний транспорт,25044.0
2025-12-01,2025,12,Україна,"Виробництво комп'ютерів, електронної та оптичної продукції",41105.0
2025-12-01,2025,12,Україна,Поштова та кур'єрська діяльність,18759.0
2025-12-01,2025,12,Україна,Наукові дослідження та розробки,25882.0
2025-12-01,2025,12,Україна,Охорона здоров'я,18692.0
2025-12-01,2025,12,Україна,"Виробництво машин і устатковання, н.в.і.у.",27012.0
2025-12-01,2025,12,Україна,Тимчасове розміщування й організація харчування,19287.0
2025-12-01,2025,12,Україна,"Виробництво автотранспортних засобів, причепів і напівпричепів та інших транспортних засобів",34247.0
2025-12-01,2025,12,Україна,Переробна промисловість,28061.0
2025-12-01,2025,12,Україна,"Текстильне виробництво, виробництво одягу, шкіри, виробів зі шкіри та інших матеріалів",17259.0
2025-12-01,2025,12,Україна,Добувна промисловість і розроблення кар'єрів,32726.0
2025-12-01,2025,12,Україна,Фінансова та страхова діяльність,53123.0
2025-12-01,2025,12,Україна,"Виробництво харчових продуктів, напоїв і тютюнових виробів",26162.0
2025-12-01,2025,12,Україна,"Постачання електроенергії, газу, пари та кондиційованого повітря",33975.0
2025-12-01,2025,12,Україна,Промисловість,28722.0
2025-12-01,2025,12,Україна,"Виробництво гумових і пластмасових виробів, іншої неметалевої мінеральної продукції",25752.0
2025-12-01,2025,12,Україна,"Металургійне виробництво, виробництво готових металевих виробів, крім машин і устатковання",31022.0
2025-12-01,2025,12,Україна,Будівництво,22384.0
2025-12-01,2025,12,Україна,Оптова та роздрібна торгівля; ремонт автотранспортних засобів і мотоциклів,31106.0
2025-12-01,2025,12,Україна,"Виробництво меблів, іншої продукції; ремонт і монтаж машин і устатковання",25983.0
2025-12-01,2025,12,Україна,"Водопостачання; каналізація, поводження з відходами",19139.0
2025-12-01,2025,12,Україна,"Транспорт, складське господарство, поштова та кур'єрська діяльність",25925.0
2025-12-01,2025,12,Україна,Інформація та телекомунікації,66060.0
2025-12-01,2025,12,Україна,"Виготовлення виробів з деревини, паперу та  поліграфічна діяльність",23731.0
2025-12-01,2025,12,Дніпропетровська,Усього,26803.0
2025-12-01,2025,12,Запорізька,Усього,24599.0
2025-12-01,2025,12,Донецька,Усього,23581.0
2025-12-01,2025,12,Україна,Діяльність у сфері адміністративного та допоміжного обслуговування,20012.0
2025-12-01,2025,12,Україна,Освіта,16110.0
2025-12-01,2025,12,Київська,Усього,25897.0
2025-12-01,2025,12,Україна,Операції з нерухомим майном,23113.0
2025-12-01,2025,12,Україна,Усього,25946.0
2025-12-01,2025,12,Україна,"Професійна, наукова та технічна діяльність",33816.0
2025-12-01,2025,12,Україна,Надання інших видів послуг,29481.0
2025-12-01,2025,12,Україна,"Мистецтво, спорт, розваги та відпочинок",18020.0
2025-12-01,2025,12,Україна,Охорона здоров'я та надання соціальної допомоги,18587.0
2025-12-01,2025,12,Івано-Франківська,Усього,20271.0
2025-12-01,2025,12,Україна,Державне управління й оборона; обов'язкове соціальне страхування,33173.0
2025-12-01,2025,12,Львівська,Усього,23500.0
2025-12-01,2025,12,Київ,Усього,39750.0
2025-12-01,2025,12,Одеська,Усього,21058.0
2025-12-01,2025,12,Харківська,Усього,21591.0
2025-12-01,2025,12,Полтавська,Усього,22469.0
2026-01-01,2026,1,Україна,Складське господарство та допоміжна діяльність у сфері транспорту,31065.0
2026-01-01,2026,1,Україна,Авіаційний транспорт,58249.0
2026-01-01,2026,1,Україна,Наземний і трубопровідний транспорт,25087.0
2026-01-01,2026,1,Україна,"Діяльність у сфері творчості, мистецтва та розваг",13822.0
2026-01-01,2026,1,Україна,Добування кам'яного та бурого вугілля,37215.0
2026-01-01,2026,1,Україна,Виробництво електричного устатковання,27595.0
2026-01-01,2026,1,Україна,Виробництво основних фармацевтичних продуктів і фармацевтичних препаратів,51159.0
2026-01-01,2026,1,Україна,Сільське господарство та надання пов'язаних із ними послуг,26924.0
2026-01-01,2026,1,Україна,Виробництво коксу та продуктів нафтоперероблення,32584.0
2026-01-01,2026,1,Україна,"Сільське господарство, лісове господарство та рибне господарство",26877.0
2026-01-01,2026,1,Україна,Виробництво хімічних речовин і хімічної продукції,31289.0
2026-01-01,2026,1,Україна,"Функціювання бібліотек, архівів, музеїв та інших закладів культури",13104.0
2026-01-01,2026,1,Україна,Водний транспорт,25659.0
2026-01-01,2026,1,Україна,"Виробництво комп'ютерів, електронної та оптичної продукції",36057.0
2026-01-01,2026,1,Україна,Поштова та кур'єрська діяльність,20737.0
2026-01-01,2026,1,Україна,Наукові дослідження та розробки,28840.0
2026-01-01,2026,1,Україна,Охорона здоров'я,18904.0
2026-01-01,2026,1,Україна,"Виробництво машин і устатковання, н.в.і.у.",27209.0
2026-01-01,2026,1,Україна,Тимчасове розміщування й організація харчування,22121.0
2026-01-01,2026,1,Україна,"Виробництво автотранспортних засобів, причепів і напівпричепів та інших транспортних засобів",41375.0
2026-01-01,2026,1,Україна,Переробна промисловість,30580.0
2026-01-01,2026,1,Україна,"Текстильне виробництво, виробництво одягу, шкіри, виробів зі шкіри та інших матеріалів",18172.0
2026-01-01,2026,1,Україна,Добувна промисловість і розроблення кар'єрів,33980.0
2026-01-01,2026,1,Україна,Фінансова та страхова діяльність,54901.0
2026-01-01,2026,1,Україна,"Виробництво харчових продуктів, напоїв і тютюнових виробів",28856.0
2026-01-01,2026,1,Україна,"Постачання електроенергії, газу, пари та кондиційованого повітря",35474.0
2026-01-01,2026,1,Україна,Промисловість,31084.0
2026-01-01,2026,1,Україна,"Виробництво гумових і пластмасових виробів, іншої неметалевої мінеральної продукції",27818.0
2026-01-01,2026,1,Україна,"Металургійне виробництво, виробництво готових металевих виробів, крім машин і устатковання",32174.0
2026-01-01,2026,1,Україна,Будівництво,22786.0
2026-01-01,2026,1,Україна,Оптова та роздрібна торгівля; ремонт автотранспортних засобів і мотоциклів,32831.0
2026-01-01,2026,1,Україна,"Виробництво меблів, іншої продукції; ремонт і монтаж машин і устатковання",27541.0
2026-01-01,2026,1,Україна,"Водопостачання; каналізація, поводження з відходами",21663.0
2026-01-01,2026,1,Україна,"Транспорт, складське господарство, поштова та кур'єрська діяльність",28013.0
2026-01-01,2026,1,Україна,Інформація та телекомунікації,76905.0
2026-01-01,2026,1,Україна,"Виготовлення виробів з деревини, паперу та  поліграфічна діяльність",24859.0
2026-01-01,2026,1,Дніпропетровська,Усього,27791.0
2026-01-01,2026,1,Запорізька,Усього,24720.0
2026-01-01,2026,1,Донецька,Усього,25096.0
2026-01-01,2026,1,Україна,Діяльність у сфері адміністративного та допоміжного обслуговування,22564.0
2026-01-01,2026,1,Україна,Освіта,17931.0
2026-01-01,2026,1,Київська,Усього,28598.0
2026-01-01,2026,1,Україна,Операції з нерухомим майном,24509.0
2026-01-01,2026,1,Україна,Усього,27975.0
2026-01-01,2026,1,Україна,"Професійна, наукова та технічна діяльність",34522.0
2026-01-01,2026,1,Україна,Надання інших видів послуг,30472.0
2026-01-01,2026,1,Україна,"Мистецтво, спорт, розваги та відпочинок",17828.0
2026-01-01,2026,1,Україна,Охорона здоров'я та надання соціальної допомоги,19101.0
2026-01-01,2026,1,Івано-Франківська,Усього,22190.0
2026-01-01,2026,1,Україна,Державне управління й оборона; обов'язкове соціальне страхування,31372.0
2026-01-01,2026,1,Львівська,Усього,26243.0
2026-01-01,2026,1,Київ,Усього,43865.0
2026-01-01,2026,1,Одеська,Усього,22369.0
2026-01-01,2026,1,Харківська,Усього,22813.0
2026-01-01,2026,1,Полтавська,Усього,23749.0
2026-02-01,2026,2,Україна,Складське господарство та допоміжна діяльність у сфері транспорту,30851.0
2026-02-01,2026,2,Україна,Авіаційний транспорт,57889.0
2026-02-01,2026,2,Україна,Наземний і трубопровідний транспорт,24315.0
2026-02-01,2026,2,Україна,"Діяльність у сфері творчості, мистецтва та розваг",14031.0
2026-02-01,2026,2,Україна,Добування кам'яного та бурого вугілля,36702.0
2026-02-01,2026,2,Україна,Виробництво електричного устатковання,27662.0
2026-02-01,2026,2,Україна,Виробництво основних фармацевтичних продуктів і фармацевтичних препаратів,51151.0
2026-02-01,2026,2,Україна,Сільське господарство та надання пов'язаних із ними послуг,26320.0
2026-02-01,2026,2,Україна,Виробництво коксу та продуктів нафтоперероблення,32352.0
2026-02-01,2026,2,Україна,"Сільське господарство, лісове господарство та рибне господарство",26358.0
2026-02-01,2026,2,Україна,Виробництво хімічних речовин і хімічної продукції,30138.0
2026-02-01,2026,2,Україна,"Функціювання бібліотек, архівів, музеїв та інших закладів культури",13433.0
2026-02-01,2026,2,Україна,Водний транспорт,25653.0
2026-02-01,2026,2,Україна,"Виробництво комп'ютерів, електронної та оптичної продукції",36308.0
2026-02-01,2026,2,Україна,Поштова та кур'єрська діяльність,19972.0
2026-02-01,2026,2,Україна,Наукові дослідження та розробки,29175.0
2026-02-01,2026,2,Україна,Охорона здоров'я,19191.0
2026-02-01,2026,2,Україна,"Виробництво машин і устатковання, н.в.і.у.",27209.0
2026-02-01,2026,2,Україна,Тимчасове розміщування й організація харчування,22512.0
2026-02-01,2026,2,Україна,"Виробництво автотранспортних засобів, причепів і напівпричепів та інших транспортних засобів",41549.0
2026-02-01,2026,2,Україна,Переробна промисловість,30394.0
2026-02-01,2026,2,Україна,"Текстильне виробництво, виробництво одягу, шкіри, виробів зі шкіри та інших матеріалів",18261.0
2026-02-01,2026,2,Україна,Добувна промисловість і розроблення кар'єрів,32856.0
2026-02-01,2026,2,Україна,Фінансова та страхова діяльність,58426.0
2026-02-01,2026,2,Україна,"Виробництво харчових продуктів, напоїв і тютюнових виробів",28508.0
2026-02-01,2026,2,Україна,"Постачання електроенергії, газу, пари та кондиційованого повітря",34317.0
2026-02-01,2026,2,Україна,Промисловість,30638.0
2026-02-01,2026,2,Україна,"Виробництво гумових і пластмасових виробів, іншої неметалевої мінеральної продукції",27839.0
2026-02-01,2026,2,Україна,"Металургійне виробництво, виробництво готових металевих виробів, крім машин і устатковання",31620.0
2026-02-01,2026,2,Україна,Будівництво,22616.0
2026-02-01,2026,2,Україна,Оптова та роздрібна торгівля; ремонт автотранспортних засобів і мотоциклів,32993.0
2026-02-01,2026,2,Україна,"Виробництво меблів, іншої продукції; ремонт і монтаж машин і устатковання",27162.0
2026-02-01,2026,2,Україна,"Водопостачання; каналізація, поводження з відходами",21331.0
2026-02-01,2026,2,Україна,"Транспорт, складське господарство, поштова та кур'єрська діяльність",27456.0
2026-02-01,2026,2,Україна,Інформація та телекомунікації,77932.0
2026-02-01,2026,2,Україна,"Виготовлення виробів з деревини, паперу та  поліграфічна діяльність",24861.0
2026-02-01,2026,2,Дніпропетровська,Усього,27653.0
2026-02-01,2026,2,Запорізька,Усього,24750.0
2026-02-01,2026,2,Донецька,Усього,25911.0
2026-02-01,2026,2,Україна,Діяльність у сфері адміністративного та допоміжного обслуговування,22324.0
2026-02-01,2026,2,Україна,Освіта,18379.0
2026-02-01,2026,2,Київська,Усього,28837.0
2026-02-01,2026,2,Україна,Операції з нерухомим майном,24977.0
2026-02-01,2026,2,Україна,Усього,28148.0
2026-02-01,2026,2,Україна,"Професійна, наукова та технічна діяльність",35605.0
2026-02-01,2026,2,Україна,Надання інших видів послуг,31103.0
2026-02-01,2026,2,Україна,"Мистецтво, спорт, розваги та відпочинок",18253.0
2026-02-01,2026,2,Україна,Охорона здоров'я та надання соціальної допомоги,19504.0
2026-02-01,2026,2,Івано-Франківська,Усього,22113.0
2026-02-01,2026,2,Україна,Державне управління й оборона; обов'язкове соціальне страхування,32135.0
2026-02-01,2026,2,Львівська,Усього,26102.0
2026-02-01,2026,2,Київ,Усього,44760.0
2026-02-01,2026,2,Одеська,Усього,22703.0
2026-02-01,2026,2,Харківська,Усього,22949.0
2026-02-01,2026,2,Полтавська,Усього,23532.0
2026-03-01,2026,3,Україна,Складське господарство та допоміжна діяльність у сфері транспорту,30982.0
2026-03-01,2026,3,Україна,Авіаційний транспорт,58789.0
2026-03-01,2026,3,Україна,Наземний і трубопровідний транспорт,24658.0
2026-03-01,2026,3,Україна,"Діяльність у сфері творчості, мистецтва та розваг",14416.0
2026-03-01,2026,3,Україна,Добування кам'яного та бурого вугілля,36885.0
2026-03-01,2026,3,Україна,Виробництво електричного устатковання,28258.0
2026-03-01,2026,3,Україна,Виробництво основних фармацевтичних продуктів і фармацевтичних препаратів,53077.0
2026-03-01,2026,3,Україна,Сільське господарство та надання пов'язаних із ними послуг,26730.0
2026-03-01,2026,3,Україна,Виробництво коксу та продуктів нафтоперероблення,34158.0
2026-03-01,2026,3,Україна,"Сільське господарство, лісове господарство та рибне господарство",27296.0
2026-03-01,2026,3,Україна,Виробництво хімічних речовин і хімічної продукції,30542.0
2026-03-01,2026,3,Україна,"Функціювання бібліотек, архівів, музеїв та інших закладів культури",13867.0
2026-03-01,2026,3,Україна,Водний транспорт,25838.0
2026-03-01,2026,3,Україна,"Виробництво комп'ютерів, електронної та оптичної продукції",37032.0
2026-03-01,2026,3,Україна,Поштова та кур'єрська діяльність,19691.0
2026-03-01,2026,3,Україна,Наукові дослідження та розробки,30248.0
2026-03-01,2026,3,Україна,Охорона здоров'я,19594.0
2026-03-01,2026,3,Україна,"Виробництво машин і устатковання, н.в.і.у.",28072.0
2026-03-01,2026,3,Україна,Тимчасове розміщування й організація харчування,22545.0
2026-03-01,2026,3,Україна,"Виробництво автотранспортних засобів, причепів і напівпричепів та інших транспортних засобів",42864.0
2026-03-01,2026,3,Україна,Переробна промисловість,31261.0
2026-03-01,2026,3,Україна,"Текстильне виробництво, виробництво одягу, шкіри, виробів зі шкіри та інших матеріалів",18470.0
2026-03-01,2026,3,Україна,Добувна промисловість і розроблення кар'єрів,33065.0
2026-03-01,2026,3,Україна,Фінансова та страхова діяльність,60588.0
2026-03-01,2026,3,Україна,"Виробництво харчових продуктів, напоїв і тютюнових виробів",29044.0
2026-03-01,2026,3,Україна,"Постачання електроенергії, газу, пари та кондиційованого повітря",35945.0
2026-03-01,2026,3,Україна,Промисловість,31570.0
2026-03-01,2026,3,Україна,"Виробництво гумових і пластмасових виробів, іншої неметалевої мінеральної продукції",28555.0
2026-03-01,2026,3,Україна,"Металургійне виробництво, виробництво готових металевих виробів, крім машин і устатковання",32943.0
2026-03-01,2026,3,Україна,Будівництво,22994.0
2026-03-01,2026,3,Україна,Оптова та роздрібна торгівля; ремонт автотранспортних засобів і мотоциклів,33744.0
2026-03-01,2026,3,Україна,"Виробництво меблів, іншої продукції; ремонт і монтаж машин і устатковання",28014.0
2026-03-01,2026,3,Україна,"Водопостачання; каналізація, поводження з відходами",21847.0
2026-03-01,2026,3,Україна,"Транспорт, складське господарство, поштова та кур'єрська діяльність",27701.0
2026-03-01,2026,3,Україна,Інформація та телекомунікації,80550.0
2026-03-01,2026,3,Україна,"Виготовлення виробів з деревини, паперу та  поліграфічна діяльність",25572.0
2026-03-01,2026,3,Дніпропетровська,Усього,28279.0
2026-03-01,2026,3,Запорізька,Усього,25254.0
2026-03-01,2026,3,Донецька,Усього,26534.0
2026-03-01,2026,3,Україна,Діяльність у сфері адміністративного та допоміжного обслуговування,22941.0
2026-03-01,2026,3,Україна,Освіта,18716.0
2026-03-01,2026,3,Київська,Усього,29227.0
2026-03-01,2026,3,Україна,Операції з нерухомим майном,25202.0
2026-03-01,2026,3,Україна,Усього,28885.0
2026-03-01,2026,3,Україна,"Професійна, наукова та технічна діяльність",37162.0
2026-03-01,2026,3,Україна,Надання інших видів послуг,33014.0
2026-03-01,2026,3,Україна,"Мистецтво, спорт, розваги та відпочинок",18645.0
2026-03-01,2026,3,Україна,Охорона здоров'я та надання соціальної допомоги,19929.0
2026-03-01,2026,3,Івано-Франківська,Усього,22578.0
2026-03-01,2026,3,Україна,Державне управління й оборона; обов'язкове соціальне страхування,32974.0
2026-03-01,2026,3,Львівська,Усього,26661.0
2026-03-01,2026,3,Київ,Усього,46307.0
2026-03-01,2026,3,Одеська,Усього,23053.0
2026-03-01,2026,3,Харківська,Усього,23370.0
2026-03-01,2026,3,Полтавська,Усього,24112.0
2026-04-01,2026,4,Україна,Складське господарство та допоміжна діяльність у сфері транспорту,31407.0
2026-04-01,2026,4,Україна,Авіаційний транспорт,59224.0
2026-04-01,2026,4,Україна,Наземний і трубопровідний транспорт,25019.0
2026-04-01,2026,4,Україна,"Діяльність у сфері творчості, мистецтва та розваг",14757.0
2026-04-01,2026,4,Україна,Добування кам'яного та бурого вугілля,37782.0
2026-04-01,2026,4,Україна,Виробництво електричного устатковання,28604.0
2026-04-01,2026,4,Україна,Виробництво основних фармацевтичних продуктів і фармацевтичних препаратів,55235.0
2026-04-01,2026,4,Україна,Сільське господарство та надання пов'язаних із ними послуг,27191.0
2026-04-01,2026,4,Україна,Виробництво коксу та продуктів нафтоперероблення,34700.0
2026-04-01,2026,4,Україна,"Сільське господарство, лісове господарство та рибне господарство",27727.0
2026-04-01,2026,4,Україна,Виробництво хімічних речовин і хімічної продукції,31341.0
2026-04-01,2026,4,Україна,"Функціювання бібліотек, архівів, музеїв та інших закладів культури",14191.0
2026-04-01,2026,4,Україна,Водний транспорт,25908.0
2026-04-01,2026,4,Україна,"Виробництво комп'ютерів, електронної та оптичної продукції",37746.0
2026-04-01,2026,4,Україна,Поштова та кур'єрська діяльність,20075.0
2026-04-01,2026,4,Україна,Наукові дослідження та розробки,31138.0
2026-04-01,2026,4,Україна,Охорона здоров'я,19822.0
2026-04-01,2026,4,Україна,"Виробництво машин і устатковання, н.в.і.у.",28553.0
2026-04-01,2026,4,Україна,Тимчасове розміщування й організація харчування,22524.0
2026-04-01,2026,4,Україна,"Виробництво автотранспортних засобів, причепів і напівпричепів та інших транспортних засобів",43662.0
2026-04-01,2026,4,Україна,Переробна промисловість,31699.0
2026-04-01,2026,4,Україна,"Текстильне виробництво, виробництво одягу, шкіри, виробів зі шкіри та інших матеріалів",18566.0
2026-04-01,2026,4,Україна,Добувна промисловість і розроблення кар'єрів,33849.0
2026-04-01,2026,4,Україна,Фінансова та страхова діяльність,62803.0
2026-04-01,2026,4,Україна,"Виробництво харчових продуктів, напоїв і тютюнових виробів",29194.0
2026-04-01,2026,4,Україна,"Постачання електроенергії, газу, пари та кондиційованого повітря",36455.0
2026-04-01,2026,4,Україна,Промисловість,32014.0
2026-04-01,2026,4,Україна,"Виробництво гумових і пластмасових виробів, іншої неметалевої мінеральної продукції",28959.0
2026-04-01,2026,4,Україна,"Металургійне виробництво, виробництво готових металевих виробів, крім машин і устатковання",33022.0
2026-04-01,2026,4,Україна,Будівництво,23274.0
2026-04-01,2026,4,Україна,Оптова та роздрібна торгівля; ремонт автотранспортних засобів і мотоциклів,34169.0
2026-04-01,2026,4,Україна,"Виробництво меблів, іншої продукції; ремонт і монтаж машин і устатковання",28674.0
2026-04-01,2026,4,Україна,"Водопостачання; каналізація, поводження з відходами",21954.0
2026-04-01,2026,4,Україна,"Транспорт, складське господарство, поштова та кур'єрська діяльність",28090.0
2026-04-01,2026,4,Україна,Інформація та телекомунікації,79864.0
2026-04-01,2026,4,Україна,"Виготовлення виробів з деревини, паперу та  поліграфічна діяльність",26028.0
2026-04-01,2026,4,Дніпропетровська,Усього,28653.0
2026-04-01,2026,4,Запорізька,Усього,25833.0
2026-04-01,2026,4,Донецька,Усього,26854.0
2026-04-01,2026,4,Україна,Діяльність у сфері адміністративного та допоміжного обслуговування,23366.0
2026-04-01,2026,4,Україна,Освіта,19059.0
2026-04-01,2026,4,Київська,Усього,29566.0
2026-04-01,2026,4,Україна,Операції з нерухомим майном,25824.0
2026-04-01,2026,4,Україна,Усього,29297.0
2026-04-01,2026,4,Україна,"Професійна, наукова та технічна діяльність",37962.0
2026-04-01,2026,4,Україна,Надання інших видів послуг,33762.0
2026-04-01,2026,4,Україна,"Мистецтво, спорт, розваги та відпочинок",18959.0
2026-04-01,2026,4,Україна,Охорона здоров'я та надання соціальної допомоги,20163.0
2026-04-01,2026,4,Івано-Франківська,Усього,22869.0
2026-04-01,2026,4,Україна,Державне управління й оборона; обов'язкове соціальне страхування,33618.0
2026-04-01,2026,4,Львівська,Усього,27002.0
2026-04-01,2026,4,Київ,Усього,46753.0
2026-04-01,2026,4,Одеська,Усього,23364.0
2026-04-01,2026,4,Харківська,Усього,23691.0
2026-04-01,2026,4,Полтавська,Усього,24326.0
2026-05-01,2026,5,Україна,Складське господарство та допоміжна діяльність у сфері транспорту,31489.0
2026-05-01,2026,5,Україна,Авіаційний транспорт,60408.0
2026-05-01,2026,5,Україна,Наземний і трубопровідний транспорт,25297.0
2026-05-01,2026,5,Україна,"Діяльність у сфері творчості, мистецтва та розваг",14986.0
2026-05-01,2026,5,Україна,Добування кам'яного та бурого вугілля,38183.0
2026-05-01,2026,5,Україна,Виробництво електричного устатковання,29290.0
2026-05-01,2026,5,Україна,Виробництво основних фармацевтичних продуктів і фармацевтичних препаратів,54745.0
2026-05-01,2026,5,Україна,Сільське господарство та надання пов'язаних із ними послуг,28499.0
2026-05-01,2026,5,Україна,Виробництво коксу та продуктів нафтоперероблення,35175.0
2026-05-01,2026,5,Україна,"Сільське господарство, лісове господарство та рибне господарство",28894.0
2026-05-01,2026,5,Україна,Виробництво хімічних речовин і хімічної продукції,32076.0
2026-05-01,2026,5,Україна,"Функціювання бібліотек, архівів, музеїв та інших закладів культури",14579.0
2026-05-01,2026,5,Україна,Водний транспорт,26167.0
2026-05-01,2026,5,Україна,"Виробництво комп'ютерів, електронної та оптичної продукції",38298.0
2026-05-01,2026,5,Україна,Поштова та кур'єрська діяльність,20063.0
2026-05-01,2026,5,Україна,Наукові дослідження та розробки,31724.0
2026-05-01,2026,5,Україна,Охорона здоров'я,20084.0
2026-05-01,2026,5,Україна,"Виробництво машин і устатковання, н.в.і.у.",28837.0
2026-05-01,2026,5,Україна,Тимчасове розміщування й організація харчування,22712.0
2026-05-01,2026,5,Україна,"Виробництво автотранспортних засобів, причепів і напівпричепів та інших транспортних засобів",44765.0
2026-05-01,2026,5,Україна,Переробна промисловість,32121.0
2026-05-01,2026,5,Україна,"Текстильне виробництво, виробництво одягу, шкіри, виробів зі шкіри та інших матеріалів",18831.0
2026-05-01,2026,5,Україна,Добувна промисловість і розроблення кар'єрів,34053.0
2026-05-01,2026,5,Україна,Фінансова та страхова діяльність,63112.0
2026-05-01,2026,5,Україна,"Виробництво харчових продуктів, напоїв і тютюнових виробів",29455.0
2026-05-01,2026,5,Україна,"Постачання електроенергії, газу, пари та кондиційованого повітря",36406.0
2026-05-01,2026,5,Україна,Промисловість,32308.0
2026-05-01,2026,5,Україна,"Виробництво гумових і пластмасових виробів, іншої неметалевої мінеральної продукції",29321.0
2026-05-01,2026,5,Україна,"Металургійне виробництво, виробництво готових металевих виробів, крім машин і устатковання",33230.0
2026-05-01,2026,5,Україна,Будівництво,23597.0
2026-05-01,2026,5,Україна,Оптова та роздрібна торгівля; ремонт автотранспортних засобів і мотоциклів,34494.0
2026-05-01,2026,5,Україна,"Виробництво меблів, іншої продукції; ремонт і монтаж машин і устатковання",28874.0
2026-05-01,2026,5,Україна,"Водопостачання; каналізація, поводження з відходами",22074.0
2026-05-01,2026,5,Україна,"Транспорт, складське господарство, поштова та кур'єрська діяльність",28304.0
2026-05-01,2026,5,Україна,Інформація та телекомунікації,79278.0
2026-05-01,2026,5,Україна,"Виготовлення виробів з деревини, паперу та  поліграфічна діяльність",26443.0
2026-05-01,2026,5,Дніпропетровська,Усього,28962.0
2026-05-01,2026,5,Запорізька,Усього,26092.0
2026-05-01,2026,5,Донецька,Усього,27206.0
2026-05-01,2026,5,Україна,Діяльність у сфері адміністративного та допоміжного обслуговування,23613.0
2026-05-01,2026,5,Україна,Освіта,19481.0
2026-05-01,2026,5,Київська,Усього,30127.0
2026-05-01,2026,5,Україна,Операції з нерухомим майном,25810.0
2026-05-01,2026,5,Україна,Усього,29632.0
2026-05-01,2026,5,Україна,"Професійна, наукова та технічна діяльність",38029.0
2026-05-01,2026,5,Україна,Надання інших видів послуг,34229.0
2026-05-01,2026,5,Україна,"Мистецтво, спорт, розваги та відпочинок",19527.0
2026-05-01,2026,5,Україна,Охорона здоров'я та надання соціальної допомоги,20440.0
2026-05-01,2026,5,Івано-Франківська,Усього,23144.0
2026-05-01,2026,5,Україна,Державне управління й оборона; обов'язкове соціальне страхування,34214.0
2026-05-01,2026,5,Львівська,Усього,27334.0
2026-05-01,2026,5,Київ,Усього,46829.0
2026-05-01,2026,5,Одеська,Усього,23635.0
2026-05-01,2026,5,Харківська,Усього,23985.0
2026-05-01,2026,5,Полтавська,Усього,24615.0
2026-06-01,2026,6,Україна,Складське господарство та допоміжна діяльність у сфері транспорту,31790.0
2026-06-01,2026,6,Україна,Авіаційний транспорт,61581.0
2026-06-01,2026,6,Україна,Наземний і трубопровідний транспорт,25710.0
2026-06-01,2026,6,Україна,"Діяльність у сфері творчості, мистецтва та розваг",15445.0
2026-06-01,2026,6,Україна,Добування кам'яного та бурого вугілля,38388.0
2026-06-01,2026,6,Україна,Виробництво електричного устатковання,29881.0
2026-06-01,2026,6,Україна,Виробництво основних фармацевтичних продуктів і фармацевтичних препаратів,54229.0
2026-06-01,2026,6,Україна,Сільське господарство та надання пов'язаних із ними послуг,28735.0
2026-06-01,2026,6,Україна,Виробництво коксу та продуктів нафтоперероблення,35717.0
2026-06-01,2026,6,Україна,"Сільське господарство, лісове господарство та рибне господарство",29205.0
2026-06-01,2026,6,Україна,Виробництво хімічних речовин і хімічної продукції,32385.0
2026-06-01,2026,6,Україна,"Функціювання бібліотек, архівів, музеїв та інших закладів культури",14980.0
2026-06-01,2026,6,Україна,Водний транспорт,26465.0
2026-06-01,2026,6,Україна,"Виробництво комп'ютерів, електронної та оптичної продукції",38875.0
2026-06-01,2026,6,Україна,Поштова та кур'єрська діяльність,20160.0
2026-06-01,2026,6,Україна,Наукові дослідження та розробки,32532.0
2026-06-01,2026,6,Україна,Охорона здоров'я,20375.0
2026-06-01,2026,6,Україна,"Виробництво машин і устатковання, н.в.і.у.",29568.0
2026-06-01,2026,6,Україна,Тимчасове розміщування й організація харчування,22782.0
2026-06-01,2026,6,Україна,"Виробництво автотранспортних засобів, причепів і напівпричепів та інших транспортних засобів",45743.0
2026-06-01,2026,6,Україна,Переробна промисловість,32609.0
2026-06-01,2026,6,Україна,"Текстильне виробництво, виробництво одягу, шкіри, виробів зі шкіри та інших матеріалів",19276.0
2026-06-01,2026,6,Україна,Добувна промисловість і розроблення кар'єрів,34412.0
2026-06-01,2026,6,Україна,Фінансова та страхова діяльність,62767.0
2026-06-01,2026,6,Україна,"Виробництво харчових продуктів, напоїв і тютюнових виробів",29712.0
2026-06-01,2026,6,Україна,"Постачання електроенергії, газу, пари та кондиційованого повітря",36612.0
2026-06-01,2026,6,Україна,Промисловість,32712.0
2026-06-01,2026,6,Україна,"Виробництво гумових і пластмасових виробів, іншої неметалевої мінеральної продукції",29949.0
2026-06-01,2026,6,Україна,"Металургійне виробництво, виробництво готових металевих виробів, крім машин і устатковання",33620.0
2026-06-01,2026,6,Україна,Будівництво,24048.0
2026-06-01,2026,6,Україна,Оптова та роздрібна торгівля; ремонт автотранспортних засобів і мотоциклів,35218.0
2026-06-01,2026,6,Україна,"Виробництво меблів, іншої продукції; ремонт і монтаж машин і устатковання",29180.0
2026-06-01,2026,6,Україна,"Водопостачання; каналізація, поводження з відходами",22273.0
2026-06-01,2026,6,Україна,"Транспорт, складське господарство, поштова та кур'єрська діяльність",28674.0
2026-06-01,2026,6,Україна,Інформація та телекомунікації,79046.0
2026-06-01,2026,6,Україна,"Виготовлення виробів з деревини, паперу та  поліграфічна діяльність",26911.0
2026-06-01,2026,6,Дніпропетровська,Усього,29629.0
2026-06-01,2026,6,Запорізька,Усього,26534.0
2026-06-01,2026,6,Донецька,Усього,27857.0
2026-06-01,2026,6,Україна,Діяльність у сфері адміністративного та допоміжного обслуговування,23850.0
2026-06-01,2026,6,Україна,Освіта,20480.0
2026-06-01,2026,6,Київська,Усього,30756.0
2026-06-01,2026,6,Україна,Операції з нерухомим майном,26130.0
2026-06-01,2026,6,Україна,Усього,30161.0
2026-06-01,2026,6,Україна,"Професійна, наукова та технічна діяльність",38500.0
2026-06-01,2026,6,Україна,Надання інших видів послуг,34657.0
2026-06-01,2026,6,Україна,"Мистецтво, спорт, розваги та відпочинок",20090.0
2026-06-01,2026,6,Україна,Охорона здоров'я та надання соціальної допомоги,20744.0
2026-06-01,2026,6,Івано-Франківська,Усього,23736.0
2026-06-01,2026,6,Україна,Державне управління й оборона; обов'язкове соціальне страхування,35069.0
2026-06-01,2026,6,Львівська,Усього,28261.0
2026-06-01,2026,6,Київ,Усього,47100.0
2026-06-01,2026,6,Одеська,Усього,24031.0
2026-06-01,2026,6,Харківська,Усього,24426.0
2026-06-01,2026,6,Полтавська,Усього,25023.0
